source_id,ra,dec,spectrum_file,mag_F378,mag_F395,mag_F410,mag_F430,mag_F515,mag_F660,mag_F861,flux_F378,flux_F395,flux_F410,flux_F430,flux_F515,flux_F660,flux_F861,distance_arcsec,gaia_phot_g_mean_mag,gaia_phot_bp_mean_mag,gaia_phot_rp_mean_mag,gaia_ruwe,gaia_parallax,gaia_pmra,gaia_pmdec
6094724275684518144,207.90742380565385,-48.02771432509165,gaia_spectra_CenA24/gaia_xp_spectrum_6094724275684518144.dat,-4.404801975514189,-4.742628243389739,-6.13932336671359,-6.372987614998857,-6.834702633921993,-6.545140389481602,-7.22006348457172,57.79906196479634,78.89533005390459,285.58102412134326,354.15636053912317,541.8524652049397,415.0077011097276,772.7257661718631,0.08721906544889345,14.0985985,14.329898,13.704857,1.1880085,0.4754580514621743,-7.9117578080215,-3.074390812579745
6094747331066864000,208.10287874857852,-47.962096729284085,gaia_spectra_CenA24/gaia_xp_spectrum_6094747331066864000.dat,-4.262841263609526,-4.480057133903927,-5.939306818083007,-6.175068402015118,-6.739526142720185,-6.5902151590547655,-7.336313400801316,50.71500883084747,61.947367233006716,237.5323291183257,295.1395160428481,496.3756366395902,432.5995502806063,860.0532876287912,0.08997874645594742,14.101183,14.409855,13.618668,0.9691284,0.7672725957244886,-7.911316963325601,-6.450848917510152
6094677653819338624,208.30883940061315,-48.36379236750565,gaia_spectra_CenA24/gaia_xp_spectrum_6094677653819338624.dat,-4.164681874375047,-4.489389889435542,-5.911180759392014,-6.133911540004741,-6.6193000925299454,-6.349590048429104,-7.033400269429935,46.33111475818988,62.48214865476418,231.45805736617265,284.1610939328068,444.3447333554798,346.60595449114027,650.6689876475677,0.15002294686179682,14.317716,14.572323,13.90201,1.3495032,0.6122828040391919,-2.415125140624408,-1.5701499998334225
6094669579280940800,207.98526467626698,-48.28784320115088,gaia_spectra_CenA24/gaia_xp_spectrum_6094669579280940800.dat,-4.156267522860074,-4.360297490801608,-5.812525737640517,-6.036059930391527,-6.6046390847837575,-6.432434909168552,-7.15364901642539,45.973440819382844,55.47777007553798,211.35391412016452,259.6713119508204,438.384947732055,374.0881606886173,726.8747899477795,0.09107998799296466,14.257926,14.550987,13.790708,0.9716365,0.9541798741728801,-3.226556641799366,-7.202645807290847
6094670816231600256,208.0966774883681,-48.23798587794883,gaia_spectra_CenA24/gaia_xp_spectrum_6094670816231600256.dat,-4.133763150151,-4.278604741794673,-5.862119164994789,-6.0802247744434625,-6.736423090216933,-6.616064294644345,-7.333995949608891,45.03034352116875,51.4566959651944,221.2318576200905,270.4518208803155,494.9590119771899,443.02243302927275,858.2195034189272,0.033383473155171824,14.103383,14.426212,13.613408,0.9454611,1.185177602036571,-14.050499540247092,-5.101570949355681
6094666899221261440,208.06435283961252,-48.34994828161474,gaia_spectra_CenA24/gaia_xp_spectrum_6094666899221261440.dat,-3.9875097805626147,-4.174942141813805,-5.740347248200212,-5.962370680497458,-6.591160031293124,-6.448515462956602,-7.165924363296584,39.35536206617632,46.77102166455379,197.76020303174403,242.63210844357624,432.9761880081243,379.66991510822777,735.1394775470667,0.06189968885417154,14.262598,14.580645,13.781523,1.0888392,0.9742636949046432,-13.071677535534407,-4.24737494585697
6094670163396498048,208.09390311218868,-48.27807762705928,gaia_spectra_CenA24/gaia_xp_spectrum_6094670163396498048.dat,-3.9568853383234353,-4.127284424745856,-5.687423443068763,-5.931863533065781,-6.557817582567342,-6.442253793102366,-7.190440146905499,38.26080782527048,44.76244185632436,188.35162751752378,235.90949081385955,419.88178328030324,377.4865804999589,751.9276564043482,0.07095473424949543,14.2764,14.608221,13.769426,1.0427332,0.5503993771310028,-4.154004035647713,0.9575075052830395
6094670884951089280,208.1519223142943,-48.22684513353479,gaia_spectra_CenA24/gaia_xp_spectrum_6094670884951089280.dat,-3.955562067421092,-4.098524640108556,-5.70303493925703,-5.918667255567838,-6.56896452893014,-6.451036672124147,-7.179919490448192,38.21420481709234,43.59230726157482,191.07944698876113,233.0595492810116,424.2147955725991,380.5525784340089,744.6767525601198,0.07405904615139602,14.269129,14.595957,13.771436,1.2631454,1.137051236931313,-5.154801739029548,3.3472360918139463
6094671640865346944,208.0782700949533,-48.22274745700781,gaia_spectra_CenA24/gaia_xp_spectrum_6094671640865346944.dat,-3.9276513753372697,-4.093156014146487,-5.659438158399455,-5.888755879656248,-6.517841601567852,-6.389324530779897,-7.119932944573865,37.244362941024384,43.37728897311232,183.55882260850115,226.72653551780496,404.7032020900482,359.5255938558115,704.6495482347062,0.08823051703303873,14.330677,14.6416645,13.834982,0.9690241,0.8579666842833842,0.9281487448164127,1.4411494846535229
6094668239251077760,207.94585124064983,-48.34049465966201,gaia_spectra_CenA24/gaia_xp_spectrum_6094668239251077760.dat,-3.921478846245316,-4.102380573631777,-5.660684125906915,-5.880673572562792,-6.516697467257054,-6.412220272209365,-7.161460999891117,37.03322540224433,43.74739822328289,183.76959167769772,225.04503145493837,404.27695588687845,367.1876865095684,732.1235888692702,0.09819603123204193,14.378015,14.679197,13.811195,1.0926559,0.8839906732016177,-1.1427882329845747,0.3887079098751901
6094663566326496768,208.01317740779047,-48.47488358734546,gaia_spectra_CenA24/gaia_xp_spectrum_6094663566326496768.dat,-3.9075281138730644,-4.086391837780334,-5.626094336409661,-5.870838107880848,-6.472712684605375,-6.335086298888198,-7.068187608360558,36.56042583865387,43.107886935952635,178.00726789299415,223.01560001445182,388.226408120667,342.0066255609943,671.8542106833038,0.1274324698655092,14.375039,14.696118,13.881345,1.0749906,0.7131661615710438,-8.222148162095248,-4.640223754739387
6094662088857813120,207.85682886283803,-48.42379107138817,gaia_spectra_CenA24/gaia_xp_spectrum_6094662088857813120.dat,-3.8623576459297397,-4.087485027619163,-5.565160313832044,-5.794381022866201,-6.380805323297184,-6.232190512815324,-6.9862817914592625,35.07058888564319,43.151312618949724,168.2922533804402,207.8511391984335,356.71562206267555,311.08294742735876,623.0353902712546,0.11894687511781764,14.469159,14.792268,13.976144,1.0004407,0.6862275614045038,-11.612123328742925,-4.817573863089008
6094724211265330816,207.91447689373595,-48.03661511208478,gaia_spectra_CenA24/gaia_xp_spectrum_6094724211265330816.dat,-3.784145526658608,-4.022321282716488,-5.643533410447955,-5.882325682771452,-6.615695574754348,-6.550006011761422,-7.307196818006963,32.63309089771954,40.63764321884107,180.88950243940087,225.38773183634783,442.8720065740486,416.8716916978819,837.2954423173503,0.1300404161054878,14.177867,14.53884,13.6521225,1.0130931,0.8155019331831426,-14.489413885767897,-0.6049889471624854
6094737027447839744,207.85050560866284,-47.96725544253944,gaia_spectra_CenA24/gaia_xp_spectrum_6094737027447839744.dat,-3.7759052187006197,-3.9897433617430256,-5.621691960762706,-5.855967145616255,-6.5878523339019,-6.545216142639553,-7.3021165421839695,32.38635615093336,39.43640742077524,177.28695641642852,219.98185415204807,431.65913246122045,415.0366577205143,833.3867990042664,0.04134351463297133,14.19581,14.562108,13.662902,1.1267364,0.8007342112736856,7.58852052144438,-5.725267380275788
6094678066136250368,208.3183660096456,-48.32006641190773,gaia_spectra_CenA24/gaia_xp_spectrum_6094678066136250368.dat,-3.774054123863438,-3.93001125600051,-5.591004527749539,-5.807374428907948,-6.5383818798124285,-6.49446443825711,-7.248891874752708,32.331187003738584,37.32540273597326,172.34623922967563,210.35351408150288,412.4323777064343,396.08261015644814,793.5179401634289,0.11693304900007863,14.261979,14.620936,13.72439,0.9726876,0.9977055835808136,-15.939752666620718,-13.206512400489826
6094666005868046336,208.1401536317816,-48.36101485534875,gaia_spectra_CenA24/gaia_xp_spectrum_6094666005868046336.dat,-3.7614228379323373,-3.934551857652683,-5.4290219938751685,-5.637887294411321,-6.234115203778381,-6.095121493480642,-6.843215879768869,31.957230502519504,37.48182624426142,148.45977484040623,179.95127072353088,311.63489507582176,274.1880970230982,546.1178249950468,0.11989462118813898,14.606459,14.921622,14.118656,1.0060575,0.9840366353627,-3.9636223356232048,0.9362867258611229
6094665249953772160,208.00546333499162,-48.39294350825403,gaia_spectra_CenA24/gaia_xp_spectrum_6094665249953772160.dat,-3.746344677302874,-3.9114476959678934,-5.504964942120466,-5.753930225653873,-6.44843734109868,-6.370702409379113,-7.123913489519066,31.51649195242027,36.69265000663703,159.21573162569825,200.24979965776907,379.642597743309,353.4117330781049,707.2376880987595,0.0658451099211707,14.354179,14.700853,13.833996,1.0002502,0.7815688958106629,-15.763805244075163,-1.3050232961030654
6094664562758943104,207.98413394561237,-48.446587704277256,gaia_spectra_CenA24/gaia_xp_spectrum_6094664562758943104.dat,-3.7159734141280145,-3.898700805547171,-5.511492698311975,-5.737936310627573,-6.439263993803467,-6.372338871619924,-7.1262919108004406,30.647098604546745,36.26438545646235,160.1758654897529,197.32155271612027,376.4485230005451,353.9448101043168,708.7886660684381,0.11549363514868034,14.358953,14.715792,13.829475,0.9632998,0.8514651704562054,-15.290917136437098,-3.1252392729317027
6094658515444945536,207.90678145813848,-48.49202233260762,gaia_spectra_CenA24/gaia_xp_spectrum_6094658515444945536.dat,-3.6839261817285536,-3.892462227985274,-5.51316868836555,-5.713271178846973,-6.404866169389614,-6.331707851477098,-7.065927519941373,29.755720639080028,36.05660989572134,160.42331091977363,192.8894485711143,364.7089891958001,340.94406951107186,670.4571212303423,0.1715867264804205,14.412215,14.763373,13.893208,1.0423113,1.0206556165602017,7.061676229119787,-0.5067871027357564
6094660748827958528,207.7295444707358,-48.48131222795638,gaia_spectra_CenA24/gaia_xp_spectrum_6094660748827958528.dat,-3.644533463138144,-3.862956401577306,-5.523603977117183,-5.76964754115458,-6.50875771666109,-6.483092486321334,-7.226435197179172,28.695472831371262,35.08993474908301,161.97261389728493,203.16973608790727,401.33135063793,391.9557090157013,777.2738893526473,0.1501288944276661,14.283796,14.660796,13.738866,0.96095175,0.8781562797350079,-15.029983102695349,-1.5805936543125205
6094729124707889152,207.626753573929,-48.07219309943525,gaia_spectra_CenA24/gaia_xp_spectrum_6094729124707889152.dat,-3.621667327692779,-3.8046134296881813,-5.296378424047888,-5.538760026909414,-6.104802358633555,-5.932774631471462,-6.665887580885426,28.09745155436893,33.25411328007012,131.3866893781137,164.24948282494154,276.6438012618916,236.1075379708297,463.825938882671,0.09844872753256938,14.759529,15.064066,14.283549,1.0248635,0.7071703961816865,0.3518593825162359,0.9805561553698001
6094736168454320640,207.84420305916868,-48.011403558261364,gaia_spectra_CenA24/gaia_xp_spectrum_6094736168454320640.dat,-3.5913267336807166,-3.776271359546501,-5.397680112730432,-5.6499814988942685,-6.297996574139316,-6.1957137121183345,-6.933846118692701,27.32314541559208,32.397279584663735,144.23546038202412,181.9669850902035,330.5206739651163,300.80530059910814,593.6609018262318,0.16260887527658704,14.505739,14.837431,14.002869,1.1517472,0.625147762863344,-15.510471291316644,-8.396471845640647
6094653395844009088,208.28778217867765,-48.39770647388476,gaia_spectra_CenA24/gaia_xp_spectrum_6094653395844009088.dat,-3.586661126964234,-3.8204247886997678,-5.445625054142573,-5.687389760734687,-6.386924171604347,-6.334079201106533,-7.067952139821959,27.205984781413747,33.74192963998024,150.7474663772175,188.34578445545264,358.73162815609714,341.68953710232176,671.7085184103055,0.17056298137704903,14.410796,14.766723,13.885293,1.0332183,0.7901092589310642,-10.031151555613148,-6.859660275133232
6094723451050798848,208.02661021055886,-48.047254162814504,gaia_spectra_CenA24/gaia_xp_spectrum_6094723451050798848.dat,-3.552038684203571,-3.837228591092537,-5.499480506834143,-5.762049898587206,-6.552688778761674,-6.570194174155382,-7.33815009025764,26.35211479374796,34.26821132463249,158.4135048597522,201.752980571575,417.903021824314,424.6955101273462,861.5094310851645,0.11124331260393164,14.189689,14.583649,13.63116,1.0470917,0.5831965663856917,-8.891483161888708,-1.7862657675636968
6094743006042180224,208.15804779538396,-48.049913040672685,gaia_spectra_CenA24/gaia_xp_spectrum_6094743006042180224.dat,-3.532402943134518,-3.707062672901207,-5.170957515634141,-5.398866071105122,-5.998850416547919,-5.872664628010775,-6.624542695313137,25.87981558213821,30.396604246851364,117.05312327101231,144.39309601123801,250.9228239873032,223.39109206000458,446.49549168354883,0.05375728425905937,14.833967,15.155253,14.337537,1.01384,0.8694314309019798,-13.316082296508132,-4.735571633553388
6094723038733942272,207.90513717734692,-48.089036933312435,gaia_spectra_CenA24/gaia_xp_spectrum_6094723038733942272.dat,-3.5166198045888892,-3.8227618477515657,-5.479138336703553,-5.740110474328795,-6.536659663025555,-6.560686032035402,-7.342724881152489,25.50632692027379,33.81463773686618,155.4731274125969,197.7170808226962,411.7786876899712,420.99255223453537,865.1470922501167,0.10053490487145994,14.185992,14.586629,13.620295,1.0297502,0.6969852499925566,-13.023271161332884,-7.424600526363193
6094661779620152320,207.86092421361127,-48.43744691633734,gaia_spectra_CenA24/gaia_xp_spectrum_6094661779620152320.dat,-3.4929139963959885,-3.7051182644505958,-5.302741407592552,-5.531760687180772,-6.2202552510720945,-6.137540163112483,-6.886357734175293,24.955461091882686,30.342216705633668,132.1589449811445,163.19403286350385,307.6820074506005,285.1123733163771,568.2547748894885,0.1196274949004092,14.599993,14.952069,14.075037,0.9177976,0.6220509529486098,-9.780774336007209,-2.6493364165240743
6094760082832320896,208.00484456613137,-47.93350475743414,gaia_spectra_CenA24/gaia_xp_spectrum_6094760082832320896.dat,-3.4874555244419843,-3.6739733597266215,-5.2735896218050735,-5.529919034158521,-6.203850351008242,-6.120889535944541,-6.876732836558474,24.83031389549099,29.48419968809713,128.65771938169692,162.91745368241126,303.06804006144563,280.77330515808524,563.239539346339,0.10938150449517484,14.606186,14.957195,14.084657,1.019778,0.70175401480364,-6.448986688543979,-6.617109092905208
6094694966828709760,208.25374672912284,-48.14451608641435,gaia_spectra_CenA24/gaia_xp_spectrum_6094694966828709760.dat,-3.4768101798612507,-3.6115876157993014,-5.19881303929041,-5.406820129166581,-6.13367927876266,-6.103229637541988,-6.905678236380199,24.588049114151755,27.837808716498674,120.09507997937192,145.45479804213088,284.10031254824315,276.24336460372274,578.4572845627902,0.07640648948648639,14.63959,15.022396,14.082621,1.0924677,0.6094403421424838,-13.299972349950142,-0.9670180642982062
6094691225916193536,208.25061916692306,-48.22773803240262,gaia_spectra_CenA24/gaia_xp_spectrum_6094691225916193536.dat,-3.470595593373135,-3.6062202648566593,-5.272646845169794,-5.485456114670955,-6.2330547173363815,-6.2189759328708885,-6.9860745001070965,24.447712929861652,27.700531744594333,128.54605059486778,156.3804454442765,311.3306561338612,307.3196805986375,622.9164502194114,0.16183095007778234,14.528043,14.9038105,13.9816265,1.0399268,1.1458127015352857,-30.805858894109697,-21.656809758998467
6094663600687402880,207.95554651751638,-48.50132485309384,gaia_spectra_CenA24/gaia_xp_spectrum_6094663600687402880.dat,-3.448731845133336,-3.6491339168759023,-5.280760136551825,-5.516185342267183,-6.1902956700954945,-6.1049387383268865,-6.826876072244107,23.96032684748737,28.81731851492857,129.51022402724934,160.86965739817242,299.3079607724378,276.67855276622805,537.9605499629541,0.11226919261028231,14.633967,14.975926,14.119202,1.1023071,0.7381905918675931,-7.832930024453882,-4.1134125483134145
6094694455731673088,208.15947513222088,-48.18856276102565,gaia_spectra_CenA24/gaia_xp_spectrum_6094694455731673088.dat,-3.4239494596679028,-3.618613153372867,-5.222955190724505,-5.417016320241977,-6.171316963171311,-6.125627107698603,-6.892794152471414,23.41961675425002,28.01852452802445,122.79539382182091,146.82720379948375,294.1215088652927,282.0011264322712,571.6334851756812,0.1761188550922609,14.61535,14.981926,14.075787,0.95934606,0.8801371798794941,7.6892797622907505,2.5169322262103853
6094722287119897984,207.86771816959154,-48.09932856856313,gaia_spectra_CenA24/gaia_xp_spectrum_6094722287119897984.dat,-3.414590516139733,-3.6949839539606115,-5.33340546652958,-5.58203887035564,-6.342376554400787,-6.331665116103709,-7.105697886631526,23.21860944662423,30.060318763098387,135.9446705614455,170.92891982657807,344.31078122877267,340.9306499665219,695.4712070819348,0.07651260661966043,14.415065,14.802159,13.85932,1.0330225,0.4645190836189982,-9.60717929753171,-4.650817001098391
6094723489710826112,208.03880939228526,-48.028522169119235,gaia_spectra_CenA24/gaia_xp_spectrum_6094723489710826112.dat,-3.4124026577837183,-3.5861637866349056,-5.1514624378997365,-5.360398245548474,-6.061480283891188,-5.9783069625515655,-6.743272019797737,23.171868921187517,27.19352546130092,114.97011748618192,139.3667903393263,265.8227297921335,246.21969274373834,498.0911300321324,0.1451750237341606,14.746197,15.097932,14.221409,0.96100575,0.7903278460320695,-12.299015427044361,5.387037265435921
6094722355839387648,207.85625169273936,-48.09037659187658,gaia_spectra_CenA24/gaia_xp_spectrum_6094722355839387648.dat,-3.410646378712859,-3.643036521493996,-5.2967738619525555,-5.553140413502419,-6.326246806525434,-6.327725152476814,-7.10694885322318,23.13441657227825,28.65593666261949,131.43455067207398,166.43940914880935,339.23349175292316,339.6957090372852,696.272978856932,0.11104239014684814,14.422125,14.81512,13.859897,1.1148326,0.6095676738910724,-17.119898158712726,-3.5074878284625406
6094693081342968704,208.36133881626458,-48.16250791200849,gaia_spectra_CenA24/gaia_xp_spectrum_6094693081342968704.dat,-3.399097790335573,-3.5724972515545312,-5.142107687984393,-5.357636784273093,-6.037934351082407,-5.952072250830066,-6.70554268838194,22.88964810781754,26.853376479544234,113.98378524317359,139.0127752606687,260.1199970634169,240.34157360505083,481.079748606407,0.07895517051582258,14.782986,15.131523,14.263016,0.9226172,0.809775118706884,-7.800945273748132,-0.46289294636925726
6094725070259637120,207.50166877175647,-48.28791067781707,gaia_spectra_CenA24/gaia_xp_spectrum_6094725070259637120.dat,-3.3677758017774586,-3.5432087717654657,-5.15954869576695,-5.374298940141513,-6.123226994693992,-6.080436056808961,-6.861561268771564,22.238747338481907,26.13867137670007,115.82957912501004,141.16257635419998,281.3784272734803,270.5044554525228,555.4238282723759,0.13841516741169566,14.670536,15.049961,14.112788,0.98420405,0.44006843892368724,-7.223962963359365,-0.9104150380557778
6094662226296718848,207.74752699224945,-48.47181108428838,gaia_spectra_CenA24/gaia_xp_spectrum_6094662226296718848.dat,-3.333163553630415,-3.495089247730194,-5.080004316167782,-5.281171577741115,-5.9664119716707145,-5.877699600631139,-6.621603509006626,21.540978212026623,25.005508990258477,107.64694929508043,129.5593114004172,243.5369084676319,224.42944746562378,445.2884224817064,0.12101352994573455,14.868086,15.217085,14.351395,0.99801403,0.6437978976458707,-5.215250398955073,-3.151476838150828
6094667174099193344,208.1633601206775,-48.322956289807124,gaia_spectra_CenA24/gaia_xp_spectrum_6094667174099193344.dat,-3.301796421213888,-3.5360024035144546,-5.247511018732415,-5.5062103183302815,-6.286631597988467,-6.297774836291714,-7.057962186595265,20.927558686718974,25.965755383550427,125.60427107399137,159.39846224290983,327.07898336356124,330.4531792466108,665.5564163422013,0.06734103093719122,14.472338,14.865186,13.911341,1.09334,0.8477504478459593,-6.877049926977896,7.496825371617168
6094661985778582144,207.84845736809197,-48.4385522023077,gaia_spectra_CenA24/gaia_xp_spectrum_6094661985778582144.dat,-3.297401690469841,-3.4675453720658256,-5.050712435207445,-5.290136267146181,-5.993400131648028,-5.944817706367671,-6.729293697131742,20.843021484478484,24.379126947026077,104.78158752786032,130.6334831591027,249.6663732943772,238.7410406300127,491.71955379311464,0.11655492518721731,14.79442,15.167262,14.245286,0.9870768,0.7487533288151518,-18.167455095639564,-4.5453367370322795
6094734244311357440,207.79149092248466,-48.08139491509262,gaia_spectra_CenA24/gaia_xp_spectrum_6094734244311357440.dat,-3.2828291341025255,-3.451524595722855,-5.22355503843854,-5.516641952317492,-6.531615846815672,-6.750004189601503,-7.7085453140747795,20.56513920763008,24.022037372332445,122.86325458499965,160.93732590734976,409.87019533067894,501.18916759505305,1211.7642221721778,0.046569525405376,14.040286,14.58916,13.336673,0.98158705,0.1996852031966105,-2.199849316588227,-1.4385207106371842
6094721943522455424,207.73430297108493,-48.14791202316868,gaia_spectra_CenA24/gaia_xp_spectrum_6094721943522455424.dat,-3.2815046992235746,-3.509634980800205,-5.217182337020213,-5.465766312153243,-6.349461881958305,-6.4608888172190335,-7.314964583231075,20.540068125304188,25.34276475909234,122.1442240243953,153.57004971424703,346.5650415696896,384.02148871149217,843.3072485912686,0.16006175638999004,14.3334465,14.778885,13.695037,0.9534485,0.6560769958364816,-18.295391606562507,-6.0780727334692966
6094654426636197248,208.25148307959282,-48.36952986829029,gaia_spectra_CenA24/gaia_xp_spectrum_6094654426636197248.dat,-3.2643071869358495,-3.39782709412954,-4.913207639832203,-5.11290734703775,-5.7628009244617315,-5.6608538224893845,-6.434474209450048,20.217286929878625,22.862874776342323,92.31729186437596,110.95910340831568,201.892585500858,183.79831643488626,374.79145765929593,0.1555399134084866,15.058057,15.401355,14.536502,1.0141149,0.6548171257268696,-2.5219293538088943,8.405873876023103
6094724829740717696,207.9780478083914,-47.96161391127414,gaia_spectra_CenA24/gaia_xp_spectrum_6094724829740717696.dat,-3.2488428585314706,-3.4876011101527182,-4.928320978774199,-5.156847265854031,-5.729438171815354,-5.54994118431015,-6.276510950602434,19.931369636444668,24.833643600490877,93.61132480640823,115.54174075353289,195.78313063101456,165.94970079715333,324.04429530378957,0.09933849805732196,15.139193,15.436375,14.669968,1.2041692,0.7070790039694749,-7.427601688306413,-5.132617034989588
6094667036660238848,208.11000365795454,-48.32676472474567,gaia_spectra_CenA24/gaia_xp_spectrum_6094667036660238848.dat,-3.2459573131398582,-3.487482506555817,-5.138642297572769,-5.384871134764664,-6.133698313723287,-6.121438564785286,-6.888556319536758,19.878468652165076,24.83093097234454,113.62055832083848,142.5438399321482,284.10529339501306,280.9153208923388,569.4066407243993,0.030272455234651344,14.631413,15.011805,14.08179,1.0788543,0.7368919996962442,-10.973739831261788,-1.5418815415988418
6094735240741385216,207.7234669648422,-48.01742445467874,gaia_spectra_CenA24/gaia_xp_spectrum_6094735240741385216.dat,-3.2367271709811405,-3.459597340721671,-5.117266618825859,-5.3202024070741505,-6.065786752402282,-6.029142405122889,-6.78770382873454,19.71019261556321,24.201313433538722,111.4055039488337,134.30153078252522,266.8791839287841,258.0221335588371,518.8974440644103,0.10608825438892398,14.714555,15.078243,14.180719,1.0685912,1.0941287003213616,-3.6875751593491772,2.6763898928292233
6094654254837473024,208.1927573444596,-48.39871288927357,gaia_spectra_CenA24/gaia_xp_spectrum_6094654254837473024.dat,-3.2232595814357987,-3.396143395382807,-5.004582810653466,-5.227126199665554,-5.8837439868717825,-5.803641820097727,-6.553693984767205,19.467215324092802,22.827447789985474,100.42298452468174,123.26803694778158,225.68234965066165,209.63158984786273,418.29010769833064,0.19053865286869226,14.925215,15.266265,14.410518,1.0001453,0.655079057330898,0.8757139564731515,0.17076851442344151
6094695211645927808,208.16785014483403,-48.18107466947818,gaia_spectra_CenA24/gaia_xp_spectrum_6094695211645927808.dat,-3.222644822180456,-3.420827743497123,-4.966599754490312,-5.189532617880373,-5.80963517597538,-5.672287444011319,-6.389620462861254,19.45619583035548,23.352377221889654,96.97055958701976,119.07293186717598,210.7919737544951,185.74407858968215,359.6236007730181,0.0814527816887676,15.044528,15.362682,14.55673,0.9914436,0.45729091684993695,-1.2029766441714804,-5.427199887256807
6094678650251874048,208.35996411233197,-48.26344709656587,gaia_spectra_CenA24/gaia_xp_spectrum_6094678650251874048.dat,-3.213166033005439,-3.4386394727890623,-5.045792861462985,-5.287342589559375,-5.96016628899487,-5.872991711861367,-6.598974452165438,19.287076950222513,23.738637527105897,104.30788621768458,130.29778585410327,242.1399874674386,223.4583999616569,436.10370956661154,0.20220904835277356,14.866404,15.212101,14.349887,1.0630124,0.6220147025108445,-3.870636397880286,-4.179542359791938
6094735103302392064,207.70333904655877,-48.04873349476901,gaia_spectra_CenA24/gaia_xp_spectrum_6094735103302392064.dat,-3.212740329505099,-3.493140129546668,-5.226494757675784,-5.4734345098619865,-6.319061759365178,-6.401023591246071,-7.202519239132471,19.27951621243775,24.960659265009692,123.19636761919203,154.65850363679547,336.99596720472294,363.42051250311516,760.3397499619928,0.0464386339102465,14.378486,14.805486,13.786232,1.0083648,1.851887122088444,14.499991040420824,-4.563710305625376
6094662088857812736,207.8596544221324,-48.42388810901506,gaia_spectra_CenA24/gaia_xp_spectrum_6094662088857812736.dat,-3.2080957461261934,-3.431714451144587,-5.071607360654777,-5.2944847040015155,-6.040972194229947,-6.015025862845349,-6.8014263171049905,19.1972180781159,23.58771004178334,106.81763156551159,131.15772699474363,260.8488207472279,254.6890920232651,525.4973458261913,0.10199950646389977,14.740102,15.126424,14.179543,1.1122541,0.7038729569929333,-3.9663053750896107,-2.8761447586356845
6094661710900644736,207.85590418005907,-48.46529397603483,gaia_spectra_CenA24/gaia_xp_spectrum_6094661710900644736.dat,-3.1967567902454603,-3.4316205510276387,-4.924434483907067,-5.1305723988621,-5.764301479497805,-5.616277212152729,-6.375772414664538,18.99777396296374,23.585670142084904,93.27683329345074,112.77918700344287,202.17180653041945,176.40499768694642,355.06590045493726,0.037560102215928544,15.100106,15.426753,14.596699,1.0233212,0.7461541978397009,-6.843555404631166,4.092329857653164
6094653705081606272,208.12658420481318,-48.44920572372621,gaia_spectra_CenA24/gaia_xp_spectrum_6094653705081606272.dat,-3.164964557871513,-3.403068479916658,-4.85692500473861,-5.055884138511334,-5.605734025763772,-5.405510349743286,-6.13063413838157,18.44955192573807,22.973512018914477,87.65364930599095,105.28188580482917,174.70028372443014,145.27943423495816,283.30461902279785,0.12221778448868506,15.277765,15.567573,14.817191,1.0517708,0.46583180895362347,-6.308793348832139,0.5183385929465153
6094651987095835008,208.10486854934769,-48.48126490280129,gaia_spectra_CenA24/gaia_xp_spectrum_6094651987095835008.dat,-3.1648211574867946,-3.3709028790869695,-5.0028522091968135,-5.217777091046562,-5.91221457680683,-5.822685743694564,-6.561521137809647,18.447115331909526,22.30289047382059,100.26304352915005,122.21115157973952,231.67855229589588,213.3409857718942,421.31648778409925,0.1893724228591253,14.915096,15.265731,14.397691,1.0279076,0.6933942248509942,-1.8257421811142962,-1.3106591845344209
6094693008323479552,208.35170018497774,-48.176633300429344,gaia_spectra_CenA24/gaia_xp_spectrum_6094693008323479552.dat,-3.159563406409143,-3.3951569335890874,-4.868046585101892,-5.069802008864849,-5.697023386660734,-5.58593796176146,-6.336035212490534,18.35799987498153,22.806716991495357,88.55613099926052,106.64016381483495,190.02439332207604,171.54386259153787,342.3056637598691,0.07964649831973176,15.134814,15.467579,14.627917,0.9843268,0.4363849160049522,-9.402042545607426,-2.6824911077337887
6094723386631574784,208.0350725538518,-48.05447466483168,gaia_spectra_CenA24/gaia_xp_spectrum_6094723386631574784.dat,-3.1591867281904076,-3.398712132779539,-4.811188644062082,-5.048272794177384,-5.579596080388811,-5.414016730523567,-6.150586928897873,18.35163197523917,22.881519063117267,84.03795151492471,104.5464084159649,170.5447803950527,146.42212055048378,288.5590978654394,0.08284741316609351,15.289669,15.572423,14.807462,1.3257188,0.458702746453189,-1.4389910632014669,0.20925176209109927
6094667723854903936,207.9031684427814,-48.42274579228099,gaia_spectra_CenA24/gaia_xp_spectrum_6094667723854903936.dat,-3.1584286639757164,-3.4363047146473154,-5.177211091502808,-5.442293840583355,-6.266996795778774,-6.363639411544456,-7.174285822207866,18.33882328381817,23.687645004189996,117.72926606652327,150.28565768299683,321.2171454223842,351.1201590941541,740.822781065752,0.16102627238225373,14.431155,14.869444,13.8288965,1.0669299,1.6079164130792516,-10.88991951418421,-8.200936556289228
6094668956505866240,207.91398432868863,-48.35719758539424,gaia_spectra_CenA24/gaia_xp_spectrum_6094668956505866240.dat,-3.1559994675985337,-3.4721665247961204,-5.273184458702529,-5.536946480273665,-6.390827789939904,-6.565154027156105,-7.392380351471476,18.297838370426263,24.48311147135715,128.60971726518412,163.97535964574473,360.0237208045146,422.72858008641487,905.6327943323922,0.08860814212939119,14.228081,14.684753,13.606096,0.97757757,2.311208803474683,-14.10479597523726,-3.695978631983684
6094667071019995136,208.12425577918324,-48.31148161207728,gaia_spectra_CenA24/gaia_xp_spectrum_6094667071019995136.dat,-3.1502730072432863,-3.3964930184895397,-5.027991694318032,-5.244327658503684,-5.963099213314811,-5.901871442374622,-6.641686512701207,18.201584780362566,22.83479974925383,102.61165155609896,125.23654082386236,242.7949700771458,229.48197396285408,453.6016285088531,0.06269475500064814,14.843187,15.201318,14.314947,1.1369102,0.6017376871006577,-4.235818725831414,-1.4453745868480752
6094728574953006848,207.55290904897868,-48.12762829898748,gaia_spectra_CenA24/gaia_xp_spectrum_6094728574953006848.dat,-3.1422330464836183,-3.3711025123519134,-5.053836604110231,-5.288996199241246,-6.044417291069696,-6.024603630564389,-6.781741803357039,18.067298448108588,22.306991661731328,105.08352717483442,130.49638459290145,261.677822012637,256.94575803099735,516.0558687427662,0.10950625188842919,14.734457,15.108616,14.183409,1.1004387,0.9949790374435049,-6.443495974989222,-1.1909004886698762
6094666418184933888,208.17172160131506,-48.335143151059775,gaia_spectra_CenA24/gaia_xp_spectrum_6094666418184933888.dat,-3.141875324135487,-3.2985385115967967,-4.868770136401616,-5.057034652312327,-5.754970041461439,-5.714686157137119,-6.498252677746801,18.061346715261735,20.864856619223563,88.61516583515905,105.39350818813712,200.44167190648753,193.14099430399983,397.46699472766545,0.12588701686365794,15.018912,15.3862295,14.479495,1.0551143,0.7464616423326854,-2.5711876986025666,-3.2588602536600333
6094744174273330944,208.1812960024677,-48.015933019155455,gaia_spectra_CenA24/gaia_xp_spectrum_6094744174273330944.dat,-3.1414855514776345,-3.380739597284937,-5.005044978798775,-5.260227628197662,-6.049732201754639,-6.084937331405619,-6.904211247981168,18.054863965945703,22.50587170881498,100.46574093634557,127.08405132109867,262.9619312880304,271.6282480738015,577.6762319502857,0.11544059758366505,14.677066,15.094558,14.089294,1.0234067,0.3752443320419554,-7.584067244492151,0.2031190534886537
6094727578520590464,207.5891740308812,-48.166756564058645,gaia_spectra_CenA24/gaia_xp_spectrum_6094727578520590464.dat,-3.1256847859397596,-3.32426814015849,-4.824743148112181,-5.047610841403475,-5.689049657106791,-5.597656694757157,-6.3656812193796615,17.794013444772364,21.365214436487783,85.0936708861033,104.48268787996905,188.63395167864348,173.4054240493199,351.78108798480105,0.12940314952477758,15.128561,15.473059,14.609259,1.076955,0.5323814345877991,-7.700750771083961,4.292408136612178
6094724554862772096,207.9906211112952,-47.98901895275954,gaia_spectra_CenA24/gaia_xp_spectrum_6094724554862772096.dat,-3.1249724797824334,-3.3209938659109124,-4.891452639115423,-5.144690045171746,-5.8165053282463495,-5.758879004951084,-6.5324506059885525,17.782343364604387,21.30088003008762,90.48593026778904,114.25521136532664,212.1300192130252,201.1646203681444,410.18544176375156,0.09498667532718233,14.963074,15.319619,14.429896,0.9412868,0.38526190886656864,-8.644833777332103,-1.010603163913585
6094660954986406272,207.6750821248528,-48.46987570182528,gaia_spectra_CenA24/gaia_xp_spectrum_6094660954986406272.dat,-3.1185794657128314,-3.305932025588418,-4.852059424464615,-5.098732189406389,-5.789054879696733,-5.712655463745851,-6.492134487566502,17.677945321824154,21.007424444737076,87.26172015081549,109.51985894032684,206.8340099750261,192.78009302351524,395.23354253724955,0.11240312533497676,15.024984,15.393652,14.484336,0.97073704,0.4336952002156989,-2.6964188034598786,-0.5054249630545131
6094742937322687616,208.16464046996643,-48.05996981820604,gaia_spectra_CenA24/gaia_xp_spectrum_6094742937322687616.dat,-3.1179966841635838,-3.4425458273446474,-5.116769061503056,-5.370981869342507,-6.158372514817735,-6.177066476565358,-6.94273700678864,17.668459025014336,23.824200257175956,111.35446215344355,140.73196373581163,290.6357311041954,295.68315979994384,598.5422373754628,0.1210638550232851,14.586452,14.982491,14.025973,1.0987529,1.148339327511255,-6.61501748699529,4.278237450996158
6094695074207029504,208.27356894462005,-48.13510886084228,gaia_spectra_CenA24/gaia_xp_spectrum_6094695074207029504.dat,-3.116515716020449,-3.3055579543960296,-4.880778837296828,-5.125837447733927,-5.838491937381396,-5.774897810234584,-6.525239921985283,17.644375286109383,21.00018795513882,89.6007273043684,112.28842210309818,216.4695303732532,204.15457848224557,407.4703091436212,0.035988466383551396,14.967675,15.321948,14.437499,0.9313974,0.5525471726146286,-11.950567306291234,-9.424168123882522
6094658343646264192,207.83829158456584,-48.485104022274186,gaia_spectra_CenA24/gaia_xp_spectrum_6094658343646264192.dat,-3.115771568269925,-3.2804139258992553,-4.832304135280288,-5.097295695599219,-5.712883493776264,-5.6016911490456796,-6.358735811216691,17.632286232077625,20.5194431265154,85.68832511987904,109.37505344392062,192.82058560991305,174.05097466223643,349.5379416837623,0.11740497058578789,15.130201,15.470541,14.611543,1.0466816,0.3665568317454054,-4.222909864420955,-2.0052505550267954
6094670129036745344,208.07472655950335,-48.28877680286741,gaia_spectra_CenA24/gaia_xp_spectrum_6094670129036745344.dat,-3.1143492408293194,-3.280920301642085,-4.899701291578118,-5.130993072839161,-5.851727352688878,-5.813448547032691,-6.581154575393674,17.609202848849026,20.529015407155093,91.17599608774232,112.82289233552328,219.12450148798615,211.53362838724738,429.00448267376163,0.052327201333641445,14.9300585,15.301575,14.386221,1.0520266,0.754132424329119,-17.620114475083245,-6.20406036488026
6094722355841879552,207.85362118732755,-48.09489267790096,gaia_spectra_CenA24/gaia_xp_spectrum_6094722355841879552.dat,-3.1085953984402352,-3.3384840864621728,-4.916121255749325,-5.171759087390625,-5.807430908613299,-5.724674612331354,-6.45890964578946,17.516129984970153,21.64679650955686,92.56536166092614,117.13957255823435,210.3644568993474,194.92603323049596,383.3220996335924,0.14875046249975368,14.999088,15.332134,14.493315,1.189096,0.5744687866610226,-16.994977055249482,-2.9407351270472692
6094661745260385664,207.83611784498967,-48.464550788582486,gaia_spectra_CenA24/gaia_xp_spectrum_6094661745260385664.dat,-3.1011606024617144,-3.287430754544079,-4.810328974356896,-5.054962174903657,-5.658013673062595,-5.507740295693761,-6.244966116124877,17.396594517556228,20.65248435389543,83.97143785624289,105.19252260021919,183.31815144329923,159.62323871163733,314.7650080068001,0.14584845268562313,15.205994,15.524804,14.718882,1.0142199,0.5571904628977207,-10.866783089754948,-5.306153585740822
6094666589983664000,208.20900610576246,-48.30305885051442,gaia_spectra_CenA24/gaia_xp_spectrum_6094666589983664000.dat,-3.0825261425544315,-3.23166623044823,-4.819362155988485,-5.050915527570075,-5.754594522495945,-5.702580815623694,-6.482863052379905,17.100564896467404,19.618531320759402,84.67298345024676,104.80118927872651,200.3723579848827,190.99954217602175,391.87289106983826,0.12742850682201012,15.038167,15.405792,14.4942255,0.9876905,0.7064929685732384,-1.4400771201929876,-9.716823072209781
6094664352303038208,208.05289369972974,-48.41402970271742,gaia_spectra_CenA24/gaia_xp_spectrum_6094664352303038208.dat,-3.075336950785905,-3.305162877035066,-4.61948728059623,-4.787046224646342,-5.466824120081256,-5.371272291766072,-6.199957899591137,16.987707725237016,20.9925478032459,70.43603688960113,82.18990715635682,153.71974240717137,140.76961301438922,301.98346212976094,0.15100697033007532,15.340167,15.702226,14.796286,1.0587816,0.2533983978404452,-15.94860690876731,-8.53481811331843
6094653705081612288,208.12735165088037,-48.444255701685655,gaia_spectra_CenA24/gaia_xp_spectrum_6094653705081612288.dat,-3.0613066604763794,-3.262447623445795,-4.957515116712144,-5.157264981108744,-5.93279111976342,-5.931414439437085,-6.705547213412614,16.769598476729133,20.18268998847496,96.162566701079,115.58620167586795,236.11112359279107,235.81193162711182,481.0817536101507,0.07301797508900323,14.835486,15.221532,14.273238,1.0325214,1.337537299338256,-7.7054829413466415,5.011379535409706
6094742765523942144,208.11086257027284,-48.10010464702557,gaia_spectra_CenA24/gaia_xp_spectrum_6094742765523942144.dat,-3.057288364895393,-3.299059433935467,-4.979723670891781,-5.2094401784025335,-5.969911358794633,-5.957950743234117,-6.716899690377173,16.707649118341216,20.87486971234126,98.14981116032085,121.27633705482064,244.3231075337138,241.6463820854215,486.138342760511,0.13881983042043472,14.790324,15.164305,14.247829,1.027866,0.9197035965206496,6.366999602215731,-4.3124049165481235
6094653808160854016,208.13659738015372,-48.41929782877598,gaia_spectra_CenA24/gaia_xp_spectrum_6094653808160854016.dat,-3.0558622754864224,-3.2166358406495776,-4.918670300699665,-5.137605954492663,-5.895644913835998,-5.901007022835161,-6.663745905868305,16.685718413299096,19.34881339825846,92.78293795990018,113.51215841653702,228.16969692575393,229.29934234779324,462.91191821001644,0.07125335684591962,14.871869,15.250662,14.305869,1.0245281,1.179411117084216,-11.872623502334847,-2.0836148584697076
6094691569513633024,208.30991699429302,-48.19030540473695,gaia_spectra_CenA24/gaia_xp_spectrum_6094691569513633024.dat,-3.040342616930654,-3.2273948999841466,-4.744440251786427,-4.954420559813415,-5.5587836955499395,-5.435408336038212,-6.171867594764126,16.44890706087269,19.541502835199974,79.0271100939825,95.88887512237382,167.3067558823678,149.33559422903826,294.27071054826683,0.051334902325757,15.278618,15.601135,14.780024,1.0021749,0.4542510974444434,-10.363422854162161,-1.5176284719782474
6094671022389963904,208.0312509245649,-48.27771262433501,gaia_spectra_CenA24/gaia_xp_spectrum_6094671022389963904.dat,-3.0365926993258046,-3.214650007799327,-4.955470837233215,-5.2441935432720665,-6.2099779307824265,-6.390403677806474,-7.301768770005373,16.39219379143901,19.313456382596616,95.98167726533458,125.22107197398859,304.7833037218412,359.8831151864726,833.1198996148346,0.07519768474509984,14.394174,14.909686,13.717637,1.1372356,0.1777085314484292,-3.5216923437990584,-2.673661193648346
6094721806083505280,207.79555656523402,-48.14169367589352,gaia_spectra_CenA24/gaia_xp_spectrum_6094721806083505280.dat,-3.0241970728759804,-3.2510120534990925,-4.831905647912777,-5.073558726149417,-5.7751446631396695,-5.728203401205297,-6.498896838385856,16.20611174519004,19.971230373318512,85.65688152461816,107.00978474593032,204.2010003294961,195.5605997425282,397.7028794283066,0.09910462544231183,15.003499,15.366378,14.466888,1.0624295,0.4291432993422585,-7.42116739821057,-2.5401483678824404
6094651609137506560,208.00877903515774,-48.517457724399456,gaia_spectra_CenA24/gaia_xp_spectrum_6094651609137506560.dat,-3.010650051079662,-3.2319234081289796,-4.956460137662453,-5.215277443373397,-6.0480854173629215,-6.103669592030252,-6.920888077271496,16.005160014201095,19.623178900867725,96.0691736457923,121.9301132978597,262.56338755207736,276.3553247047021,586.6177919996737,0.2425901350855584,14.66987,15.10332,14.06713,0.95569885,0.6648427937790752,4.8822008320980395,-11.344267184136822
6094723420991998336,208.04817453852178,-48.04094197469873,gaia_spectra_CenA24/gaia_xp_spectrum_6094723420991998336.dat,-3.002573974290323,-3.1912247115277834,-4.716893647943637,-4.9562750416044885,-5.59945200789489,-5.4895285907239675,-6.233440848808732,15.886549844852334,18.90122206810301,77.04730621198495,96.05279719117635,173.69239482988183,156.96811259451277,311.44139753054276,0.09877792133484743,15.225242,15.554455,14.722521,1.0279353,0.5951440502266375,-7.990027015174823,-2.7396583097200624
6094724211265332864,207.91274452015674,-48.035122996761835,gaia_spectra_CenA24/gaia_xp_spectrum_6094724211265332864.dat,-2.98580309757201,-3.1957305811437795,-4.8579414542302315,-5.109317845223414,-5.839414986715613,-5.811466195845494,-6.578644231708126,15.643042997257817,18.979826253414288,87.7357477243939,110.59287241622098,216.65364232897738,211.1477599251447,428.01372208621643,0.07955005441977868,14.944363,15.320719,14.39678,0.9771683,0.721632721287003,1.5339689154589402,-0.2452347710191407
6094653533282916480,208.14861397454553,-48.44677072910412,gaia_spectra_CenA24/gaia_xp_spectrum_6094653533282916480.dat,-2.9750195896335603,-3.2047054277729075,-4.909900924661049,-5.183305685270298,-5.958406212876817,-5.999207077474635,-6.7740111568113806,15.488445640280624,19.137366366882762,92.03655829424129,118.39197735567616,241.7477747440158,251.00526488543656,512.3945039026219,0.09296040732616861,14.774692,15.179442,14.203388,1.0088775,1.3467598004069627,-15.657112666229107,-4.454870421665301
6094668136174239104,207.93321134131705,-48.38108295875333,gaia_spectra_CenA24/gaia_xp_spectrum_6094668136174239104.dat,-2.9670112638790522,-3.1503537720416057,-4.700128151471741,-4.936957025594529,-5.600669311371911,-5.501243768525146,-6.262279540070778,15.374624071835445,18.202938794344135,75.86671166412026,94.35888714500976,173.88724412055637,158.6709812162443,319.8245636465261,0.05182530188279101,15.213583,15.560455,14.69281,1.0095906,0.6452294548341186,-11.926729957163662,2.3991632583244225
6094661779620141312,207.86075850209772,-48.44686663928453,gaia_spectra_CenA24/gaia_xp_spectrum_6094661779620141312.dat,-2.966476036142061,-3.143962108942449,-4.70692718584788,-4.926414413622753,-5.585949190890642,-5.457087095416787,-6.212587569869115,15.367046819397356,18.09609400212092,76.34329043633763,93.4470864973834,171.545636777704,152.34732679879505,305.5167517295535,0.15121977276419638,15.261265,15.59753,14.74821,0.9769125,0.7300640190602554,-5.756703960982176,-4.5145697090571515
6094738951593211520,207.73353840206312,-47.95576787011762,gaia_spectra_CenA24/gaia_xp_spectrum_6094738951593211520.dat,-2.962540827389345,-3.390774064856848,-5.127815192908981,-5.4471621036590365,-6.385472545097057,-6.741278404367876,-7.671385172556381,15.311450368821209,22.71483706517873,112.49314980048888,150.96102691533258,358.25232537856635,497.17738040626466,1170.9923800699778,0.3040237827491815,14.12336,14.655441,13.387852,1.1501895,1.9470043980403053,-33.910002715077184,-9.622040444016498
6094671675225114240,208.10395198035928,-48.205952570636185,gaia_spectra_CenA24/gaia_xp_spectrum_6094671675225114240.dat,-2.9574063977709555,-3.436504143280537,-5.12921475430923,-5.455687539824807,-6.299843476305673,-6.395901091019754,-7.153944504694261,15.239213695942993,23.69199636368808,112.63825188641668,152.1510717712892,331.0833878522652,361.70993401731823,727.072639298461,0.16765284725437635,14.39178,14.812141,13.812062,1.0229675,1.2520508906358567,-34.952352756881936,3.7734570336671416
6094667792574398080,207.90766097697937,-48.40841882404489,gaia_spectra_CenA24/gaia_xp_spectrum_6094667792574398080.dat,-2.941098065793893,-3.1187052364094154,-4.675066790200133,-4.90002458054672,-5.575052317206154,-5.495622049936318,-6.262038818946375,15.012023179438831,17.679993237578426,74.13558451797334,91.203148707744,169.83254858790204,157.85153881786985,319.75366245136263,0.08080021372747777,15.229259,15.58568,14.700001,1.0378559,0.6622921222704622,-2.433954039239441,-1.093873306180485
6094671400347169408,208.0142956280269,-48.232143416127855,gaia_spectra_CenA24/gaia_xp_spectrum_6094671400347169408.dat,-2.935671226705124,-3.193641543819231,-4.798040554371723,-5.038978573870314,-5.745874486165288,-5.685103456098527,-6.418452534723929,14.937175742142289,18.94334276379947,83.02640273317921,103.65528010303471,198.76952251947318,187.94958990226309,369.3014508937518,0.04298631552708435,15.060685,15.407548,14.538868,1.0107962,0.5593412716767214,-5.588755477830208,-1.9925649249369344
6094670949371283712,208.13755232197934,-48.208445624316724,gaia_spectra_CenA24/gaia_xp_spectrum_6094670949371283712.dat,-2.873649104726592,-3.0953432677485013,-4.788441375048701,-5.011153234888836,-5.882896400065717,-5.993233797303049,-6.847060736458642,14.107811293244477,17.303633466333793,82.2955875101501,101.03254523093413,225.50623805334732,249.62812743723234,548.0551897161258,0.037479627101046194,14.77923,15.23176,14.155628,0.96765697,0.5796681872259756,-9.908806903910897,-3.3445065183080493
6094661058065636736,207.68632258314682,-48.455565096168286,gaia_spectra_CenA24/gaia_xp_spectrum_6094661058065636736.dat,-2.873629683103767,-3.0267154051041545,-4.616203868625455,-4.880128619401109,-5.519778548493115,-5.408726129805126,-6.136067838021535,14.107558935316268,16.24374495799992,70.22335062071183,89.54708392909416,161.40293187692825,145.7103669572402,284.72600542583297,0.11246526093756125,15.325262,15.666256,14.816724,0.94526404,0.39620272498397413,-2.967080708423086,-0.33411634866317386
6094726994405031552,207.53255181969166,-48.16329103249358,gaia_spectra_CenA24/gaia_xp_spectrum_6094726994405031552.dat,-2.855657052954217,-3.0672268463808745,-4.623214015163858,-4.841931448147871,-5.533540757588576,-5.458788008411361,-6.210230975205077,13.875953032966175,16.861287693726382,70.67822042464637,86.45150920475014,163.46180981811642,152.58618097788025,304.85434556681963,0.10470113690887664,15.284363,15.6415205,14.758914,0.9351808,0.6911044029691235,-4.410314801633132,0.5424181742927385
6094661813982359808,207.88069040496526,-48.45515202836346,gaia_spectra_CenA24/gaia_xp_spectrum_6094661813982359808.dat,-2.8544753733945245,-3.022741822955717,-4.596615843462516,-4.792481187154535,-5.453832643413028,-5.354255235169529,-6.109968347591954,13.860859117616224,16.184404681731934,68.96779439588374,82.60236367177639,151.8913553376702,138.58049046811522,277.9632232112027,0.09516502913077197,15.379013,15.717704,14.855235,1.0787495,0.7809947124332417,-1.649509991706032,-0.43923115411511715
6094663119650016384,207.77939096468572,-48.38722772278443,gaia_spectra_CenA24/gaia_xp_spectrum_6094663119650016384.dat,-2.8523798757629963,-3.140041648341815,-4.784256553052556,-5.052882426394284,-5.842516417090231,-5.868980395870052,-6.641432058871856,13.834133117155027,18.030869051179955,81.97900091344766,104.99121717082133,217.27340318724384,222.63434301750476,453.49533459796186,0.047695620838714946,14.902856,15.305553,14.329386,0.96626294,0.6058593210856932,-7.314069203894211,5.404130026400793
6094664695900332800,207.93886348144048,-48.44715574858374,gaia_spectra_CenA24/gaia_xp_spectrum_6094664695900332800.dat,-2.844657819297976,-3.068778317503453,-4.75151171421219,-4.959091111266208,-5.734468031736682,-5.722111079725649,-6.499134961023695,13.736090000745564,16.88539898370834,79.5434980196722,96.30225231349044,196.69223385825163,194.46633612950893,397.7901128134076,0.15370872454225676,15.0361595,15.432138,14.471058,0.9682703,0.699718727248804,-10.332011686624346,-6.747054849658058
6094691260275947008,208.2690917317803,-48.216549379680025,gaia_spectra_CenA24/gaia_xp_spectrum_6094691260275947008.dat,-2.8431859652202593,-3.09620170615333,-4.795485473971753,-5.0266689258677255,-5.81180648967636,-5.8236855225407815,-6.58514388961665,13.717481592491271,17.317320011186215,82.83124509373009,102.48671438769021,211.21394869274314,213.5375271025828,430.5836707737297,0.08582915527970215,14.935048,15.323651,14.374639,0.98435766,1.0547919610053043,-5.689983739314224,-2.7558638435288643
6094668960805577856,207.91401319788363,-48.3461837017836,gaia_spectra_CenA24/gaia_xp_spectrum_6094668960805577856.dat,-2.8272595835958327,-3.066193326535659,-4.679050748031919,-4.949205033168464,-5.639747227738923,-5.606456171779197,-6.377334864193048,13.517732046247565,16.845244953500384,74.40811442264244,95.42936044829642,180.25980258119318,174.81651921337985,355.5772326882337,0.06528503695983509,15.163777,15.5147915,14.60243,1.2234074,0.6283067148307147,-11.445580754415305,-2.2637796667957595
6094725723094676992,207.49464464327087,-48.25173558028981,gaia_spectra_CenA24/gaia_xp_spectrum_6094725723094676992.dat,-2.8167809593671356,-2.9743597036090756,-4.546314769467442,-4.756571486883766,-5.4336739814025385,-5.338455343252141,-6.1029881683870535,13.387897656604537,15.479034971763369,65.84547088111123,79.91505354011238,149.0972360301181,136.57843666807224,276.1819345486982,0.18957355488148422,15.393845,15.742462,14.870829,1.0181067,0.46459482763022114,-13.131227617296211,-2.9663639508408233
6094726753886852864,207.52180611278388,-48.19152886926275,gaia_spectra_CenA24/gaia_xp_spectrum_6094726753886852864.dat,-2.8096440944875765,-3.043813311921631,-4.644086981126209,-4.893667237547638,-5.589480782241758,-5.5449866443281,-6.289388676870459,13.300183650416136,16.50157223200193,72.05013393228734,90.6706846374518,172.1045344626155,165.1941477524987,327.9106112492832,0.1327945812289023,15.205724,15.565672,14.674529,1.0503045,0.6789646340169637,-5.4146888538777835,-0.14309878086162664
6094723111753638528,207.9368357578036,-48.08049224594511,gaia_spectra_CenA24/gaia_xp_spectrum_6094723111753638528.dat,-2.8080188798942283,-3.0138587268539467,-4.577888543356073,-4.815149824458987,-5.523519639638942,-5.471808547339217,-6.237751475668452,13.280289791723373,16.052530019029742,67.78840529189189,84.34511404468817,161.9600327277509,154.42706553255286,312.68035061396665,0.048573022088153985,15.253356,15.614213,14.718657,1.1833262,0.5513417450974584,-0.4268542341711856,0.5371393272457421
6094665559191385088,208.1287967458211,-48.41146147777143,,-2.8061437006416683,-3.01560450652126,-4.701021635015049,-4.916514540501399,-5.709991517573519,-5.754540108990938,-6.546972557537356,13.25737314660941,16.078362005500228,75.92917025866268,92.5988975597315,192.30767046156606,200.3623162371258,415.70861332341866,0.1280842989612384,15.017523,15.422822,14.43851,0.9764164,1.3541871486898485,-24.13107830169118,-8.412748514040569
6094731942207233664,207.5731888608571,-48.0670475004225,,-2.8020523705110327,-3.053574835094994,-4.595999673717564,-4.826589850635054,-5.622628462338177,-5.599343650151313,-6.359252033736743,13.207510000651455,16.65060177227975,68.92866535892985,85.23852781537268,177.4399412190193,173.6750609906359,349.7041719879853,0.2313755875767247,15.161864,15.539578,14.615616,0.9928585,0.8324586991521982,-14.717706647675339,-6.994537551725765
6094748091283591936,208.05444867311485,-47.95798130778787,,-2.7786468305250627,-3.137939604460975,-4.97070682628307,-5.310464523960725,-6.417800571015744,-6.7323517340719246,-7.719089612924183,12.925838702935089,17.99599408651651,97.33806991605519,133.1023764547936,369.07975904304686,493.10646174139066,1223.589792043353,0.10904801299082674,14.06312,14.650977,13.3319645,1.0384012,0.2226007129191762,-7.200345779495164,-1.2961843171547174
6094722252760159104,207.83735851646486,-48.1012227399546,,-2.7747760412194955,-3.004185088766192,-4.6606458273227,-4.907174792668869,-5.6754944801539295,-5.689339561027731,-6.482498187036343,12.879838471482708,15.910141256695217,73.15741155460921,91.80575722472116,186.29353858372096,188.68432581508594,391.74122297725864,0.03614667874712563,15.057,15.446218,14.493385,1.042655,0.9900008463241923,-1.5604376409223621,-1.761476265639871
6094664047364004096,208.09937514700698,-48.44346852902536,,-2.7724469813587675,-3.0223058467615322,-4.730689566164824,-4.977682441420779,-5.811640094934747,-5.924520216312597,-6.774819623732691,12.852238983923048,16.177907156228628,78.03255487860892,97.96545876007433,211.18158153271622,234.31931362378967,512.7761880314175,0.19532546751692478,14.8534155,15.306396,14.229993,1.0769168,1.5890320397541255,2.067801724122627,17.482333983420723
6094736305893312256,207.87769406006828,-47.98225012944255,,-2.7689356662447597,-2.935136713265268,-4.505150677008511,-4.714615270023655,-5.387501892667012,-5.292831985819441,-6.061804715050613,12.810741458022076,14.92982390459328,63.39576849462192,76.88579476556524,142.88964493765673,130.95822930771533,265.9021727196959,0.07620349109884779,15.426473,15.771545,14.906954,1.026125,0.5942970465259907,-3.6063198227028033,-3.829229196543729
6094694833688856576,208.31405817907915,-48.135378699842704,,-2.7622892239038386,-3.0157287675220483,-4.599440726531773,-4.84407767093635,-5.566618695720544,-5.515425393367859,-6.2665081802815195,12.73255877364857,16.080202257007596,69.14746937052934,86.62257074432964,168.51845868073192,160.7570978797478,321.0726201102065,0.11649321592241528,15.239104,15.596001,14.707308,1.0005615,0.7064476113103305,-4.534977741556502,-9.949050980667996
6094722458918593280,207.8303702946699,-48.09883414869984,,-2.7606922126898676,-2.9923528713835927,-4.579741773001535,-4.79721586792409,-5.4882422310465,-5.426664302648797,-6.196613086030497,12.713844198507406,15.737695877695634,67.9042112848921,82.96336278715499,156.7822498747784,148.13774215616237,301.05457709898656,0.06919928028066909,15.298657,15.656573,14.771746,1.0396206,0.594069264131996,-8.102301274106903,0.5849682025343671
6094670610073126784,208.1510839736716,-48.258573667271506,,-2.742268096224854,-2.9822426659371057,-4.529193487407903,-4.750464875663765,-5.476612707949851,-5.412125389181513,-6.191355116462524,12.499920143204442,15.591829117384151,64.81527902298279,79.46684121340455,155.11188768997596,146.16727674910942,299.6001638802092,0.04551593409282194,15.323417,15.694452,14.779667,1.051582,0.7361583361781874,-5.760926185762301,-1.939041168795764
6094733935071226880,207.77148770091267,-48.087851292959876,,-2.7361214183247426,-3.0338096590275123,-4.735070375721323,-4.987033512802847,-5.817345526706747,-5.893362616535126,-6.6764540354488435,12.429354286474796,16.350229898965917,78.34804250951755,98.81284534702382,212.29423985412822,227.6905712081661,468.3619593662648,0.11239739511000853,14.8970175,15.310136,14.29109,1.1181359,1.2086724450652253,-17.471660416785895,-5.480394549161362
6094663909923890560,208.0714319892641,-48.46083868788202,,-2.731501575397084,-2.9156753405556453,-4.510977164247377,-4.743611189591686,-5.442578377129479,-5.369782660402491,-6.121422420073923,12.376579338189442,14.664597123375959,63.73688958326073,78.96678846090393,150.32504788248767,140.57660936888692,280.9111437606986,0.08869962050268042,15.372258,15.730366,14.839555,1.0132957,0.7604997470406755,-14.23421032039634,1.5475576404426672
6094691088477202048,208.2059479721546,-48.25159566974558,,-2.731321486710352,-2.866618594741901,-4.596675395342718,-4.882134401500179,-5.825453950705919,-6.0091724836962275,-6.948230570646739,12.374526632320539,14.01675356564456,68.97157733547003,89.71266553755875,213.8856167009198,253.31971659266995,601.578391654267,0.0638578938437196,14.780105,15.307503,14.091091,1.0250297,0.21061049090448775,-4.613525258220193,-3.3951625879899225
6094748160003071744,208.08701292296118,-47.953412469872085,,-2.7144950847176053,-2.8871653770673382,-4.511007584509892,-4.725170178767449,-5.47110596531864,-5.460497139365964,-6.256095858451969,12.184228467221981,14.284536425199201,63.738675394645504,77.63687954768983,154.32716780205547,152.82656638197955,318.0082181245836,0.15656598469669508,15.284657,15.669843,14.724834,1.0266567,0.6177987843315198,-0.7270929872369774,1.5506545232977471
6094732045286592128,207.5997303296632,-48.08326379970272,,-2.6874632719325686,-2.8758731301161022,-4.446578362890319,-4.700562721299347,-5.416990701326795,-5.412191471956929,-6.222675652548012,11.884620237011076,14.136739395488434,60.0663642186861,75.89708366663997,146.82373932138515,146.1761734159383,308.36867948375397,0.12080230783500524,15.330676,15.725671,14.760508,0.93512857,0.5931483340710652,-3.10921968343159,-5.480560647375274
6094722802515965184,207.94371533912565,-48.09938900602991,,-2.685937279428019,-2.872158227605067,-4.4852897888314045,-4.7023913778162605,-5.457605744221525,-5.408033911087631,-6.181541226942943,11.86792824275939,14.088452466596443,62.24664026294165,76.02502141092016,152.42011946612527,145.6174979006186,296.90430228587644,0.16199805524991456,15.313775,15.682116,14.772302,1.0236963,0.7414893569253066,-18.14689008633288,2.356778185863905
6094732526322788864,207.59898546632397,-48.02220205458056,,-2.6790553091725005,-2.9736635015085984,-4.664906579546748,-4.929100054157482,-5.718339368896517,-5.755035313702158,-6.540631234718067,11.792940942867986,15.469112596277464,73.44506707928039,93.67852018078567,193.79195660338038,200.45372241219903,413.2877129453866,0.16786725934737282,15.012941,15.417374,14.434944,0.98909867,0.481270361666884,-4.165216093007378,-2.2643947604660277
6094747094851134208,208.0998992276097,-47.986541469640386,,-2.659837367310294,-3.0706560391767552,-4.8801649059163115,-5.24151065233331,-6.301975921053481,-6.5834220126701135,-7.522985011316132,11.58603795612782,16.914626628763152,89.55007674254838,124.91202844932774,331.7342925659567,429.9013461922524,1021.3956514356537,0.15011765573844846,14.232097,14.7899,13.526547,1.1005838,0.49305772541631754,-7.778475526090936,3.5778509968373418
6094727097484234368,207.58535633683357,-48.236338453813076,,-2.6417253085067323,-2.881187488173383,-4.549469822985415,-4.815008415578182,-5.5710621279891726,-5.551308619041464,-6.314667888431927,11.394364898725673,14.206104181219184,66.03709028365783,84.33412945059457,169.20954248048255,166.15883847219015,335.63493249275547,0.03495384104046074,15.2086935,15.596442,14.650102,1.0277312,0.7104380516416133,1.109618934654638,2.6475895779173064
6094727784677979648,207.6986824242639,-48.14856286798087,,-2.641471346825033,-2.8240589877299422,-4.447183890078462,-4.650197442404754,-5.396981438303232,-5.371115811059167,-6.1572602416264575,11.391699984676864,13.477942371283046,60.09987324310425,72.45677115848812,144.14267429815357,140.74932618857278,290.3381442653946,0.043333142448826245,15.376963,15.760337,14.823327,1.0524509,0.6182662584895054,-1.0623118478974798,-4.662990970369515
6094748194362829056,208.0605719144488,-47.94023931769826,,-2.636165088394338,-2.8327383138322455,-4.469568774713555,-4.677576924815273,-5.439893787622032,-5.453344963236693,-6.246171828190301,11.336161785087569,13.586116225251521,61.3518283768719,74.30717829448339,149.9538135686075,151.82314561129323,315.1147492891496,0.06573735014742685,15.309511,15.696361,14.740938,1.0144665,0.9101618706356306,-12.16844958290265,-21.197494208226114
6094661023705891840,207.71856100253623,-48.45994502423638,,-2.623847026140151,-2.980082105369775,-4.879724824318366,-5.272169706376849,-6.385588694595141,-6.748841573317634,-7.748645169115006,11.208275837207108,15.560833010385569,89.51378675343436,128.48957202106337,358.2906524172994,500.6527768759705,1257.3554473009908,0.10728690509282342,14.084211,14.697248,13.321314,1.0434331,0.2438290193376076,-7.79945743387794,1.6938500301057615
6094743349639571968,208.21110981518794,-48.040972014262294,,-2.6151735808227006,-2.923524884814257,-4.549859419023322,-4.80239643204975,-5.574620315991305,-5.56146309305128,-6.3206501741741885,11.119094783169466,14.771001897330855,66.06079070475059,83.36016638915696,169.7649877265854,167.72014809951094,337.48934776391025,0.10091360930676264,15.197962,15.580696,14.647177,1.0894312,0.5172818108830719,-2.469502297628859,-2.4107337519818093
6094736512051755648,207.91972351616036,-47.9691483529234,,-2.6114077075722197,-3.086334120795036,-4.828875690126273,-5.230303920724094,-6.33498562228933,-6.625035763029686,-7.582946922212543,11.08059503807163,17.16064662426541,85.41817259438956,123.62934499221802,341.9749139284938,446.698305689662,1079.390941104573,0.07659361184450465,14.17775,14.749036,13.459413,1.0556195,0.20930826978633976,-5.033169654022962,-1.5041265578572172
6094669884218698880,207.98212191357027,-48.2597597618178,,-2.604455380965241,-3.134085515246997,-4.876365088862125,-5.312872913744511,-6.343475802532569,-6.63149915437129,-7.522677969964579,11.00986902027984,17.932226101303158,89.23722067060912,133.39795304372464,344.659553465184,449.3654330644125,1021.1068461436861,0.05797064955125965,14.172959,14.709723,13.488685,1.1540364,0.37859756621165475,-4.63675420246914,-2.069856743663932
6094671881383570944,208.08617867570948,-48.1889903952907,,-2.6016903992990996,-2.8195449697700226,-4.466862703483711,-4.705350610991107,-5.486050159446685,-5.506086383698633,-6.287948528735225,10.981866494263416,13.422023284928226,61.19910647910469,76.23251438672501,156.46603014200366,159.38026826341158,327.4759506050167,0.03796530408191432,15.28121,15.631091,14.676139,1.1272446,1.1313326051691257,-2.1334491031978033,-4.285939347979053
6094654323556967808,208.19027478199774,-48.38463384417538,,-2.594627877752949,-2.963877039816519,-4.803024978797472,-5.203034963961445,-6.290045891066226,-6.587140058721323,-7.556930729175628,10.910663232810496,15.330305727028122,83.40843864024639,120.56298320001534,328.10916108672495,431.37604412378346,1053.8342074724399,0.06395514965426384,14.236549,14.812018,13.495294,1.250603,0.24274162419627804,-11.008294074855524,1.6632430549595107
6094736718210199040,207.9236388048885,-47.959350731163276,,-2.589051126568769,-2.8768231998189444,-4.560840273962907,-4.7971229453958655,-5.597783645993836,-5.641177933956523,-6.437241318578288,10.85476562445767,14.149115114174098,66.73230246668666,82.9562626872393,173.42570090846343,180.4974927441071,375.7478700417601,0.14220163462013508,15.115262,15.527234,14.539635,1.1052783,0.665527786099261,-7.838401282174175,1.0406558193756081
6094653876880338560,208.1783307149998,-48.40983879390819,,-2.5820147255013164,-2.9997636460427533,-4.776431409895484,-5.1035712646300535,-5.997750665249959,-6.21520883252367,-7.04235867693404,10.784645900733182,15.845482145500121,81.39028401208883,110.0090731956855,250.66879083456053,306.25524340829344,656.0598657924675,0.13725730303472736,14.5963335,15.076141,13.957322,1.166158,1.8179692107515493,-12.239514675411245,-9.099473318072807
6094662913491555328,207.84285093395079,-48.40759083391629,,-2.571232832046127,-2.871970795122873,-4.505759472282871,-4.744183243614202,-5.567880205538013,-5.641742914214081,-6.445835218234606,10.678079079388015,14.086020563074108,63.431325812004026,79.00840554187647,168.7143729728866,180.5914419528694,378.73381913727485,0.22250033442477446,15.446865,15.622763,14.592187,1.0245653,0.9610420944006828,-6.106505464796319,-4.909735960093839
6094671262908213376,208.05991174190365,-48.23050631567921,,-2.570045573859574,-2.7823656584358547,-4.463938704999854,-4.705839933186677,-5.449091018272786,-5.430585271040228,-6.201177834129954,10.66640892623008,12.970187768319354,61.03451276850949,76.26687878219163,151.22946205382996,148.67368585847996,302.3229618156928,0.09712368046213232,15.311103,15.690143,14.760318,1.0928489,0.6461468993752253,-5.192189790787756,-1.6212688228946572
6094669648000404992,207.93834529419013,-48.299354486293176,,-2.5676315612334677,-2.720448727203176,-4.1975600420460815,-4.468033601084845,-5.209815815985891,-5.30983247350613,-6.2213187988470935,10.642719707726947,12.251224292050663,47.7555682123514,61.265141432889514,121.31830289467095,133.02491478872642,307.98354924212225,0.025089428834504362,15.455869,15.92856,14.804281,1.091548,0.09098740279912866,-3.5127566713990577,-1.3722457642337593
6094722115321212800,207.79475827926615,-48.09913304633248,,-2.567303146035453,-2.7574851563940235,-4.404812404321964,-4.6171566908701624,-5.431154958734437,-5.448823377235506,-6.247399989779215,10.639500967929253,12.676345353164988,57.79961714403699,70.28500439860494,148.7517156720604,151.1921876020593,315.4714020394156,0.016653324854812322,15.31021,15.713536,14.736442,0.9994841,0.7332409417121349,-6.860570197547813,-4.716429772360099
6094669888518670720,207.9862110588463,-48.24039843964193,,-2.5582314115469487,-2.831017276749952,-4.540621210419219,-4.820856842590457,-5.686420307304783,-5.807542337496043,-6.660353195664581,10.55097428621975,13.564597473690272,65.50108352151236,84.78962939787476,188.17768563749428,210.38604766807703,461.4676679913188,0.016029591129503105,14.969756,15.419143,14.3380785,1.2879487,0.7438812008686901,-4.702473428331617,1.6892029505771156
6094723038733942144,207.90658476504788,-48.08685801469528,,-2.5570908441044176,-2.9322480547229626,-4.6638467088708975,-4.940256552792036,-5.782092121394884,-5.900256864098246,-6.713920344972606,10.53989629232083,14.890155113071303,73.37340667872895,94.64607778098188,205.51184044565622,229.14096916752652,484.8061696032043,0.15231865949957846,14.914886,15.310902,14.273366,1.0452651,1.071043518798107,-20.093487924714196,-10.661654037073248
6094723283552349056,208.01567838327765,-48.06335106944218,,-2.552458242996416,-2.8274082552572564,-4.489509468113628,-4.766188814540902,-5.4863762391273045,-5.48171839263593,-6.232808108053282,10.495020644238727,13.519583178479783,62.48903056969426,80.6260764143713,156.5130287178728,155.84302052882978,311.2599499062865,0.0838844645718033,15.268763,15.643947,14.726089,1.0751178,0.6493301274027572,-5.854005375052854,-2.6353203739198046
6094669407482210688,207.96206587484937,-48.31619377569248,,-2.5502363918300626,-2.9909022233529963,-4.828712047499564,-5.251582225357366,-6.381427890698703,-6.752520800574261,-7.740416954549047,10.473565588528485,15.716682842689314,85.4052993009187,126.07613603332629,356.9202235118534,502.3522135124353,1247.8626380931298,0.0808307578702679,14.067431,14.681817,13.318764,1.0342975,0.2122779996523334,-6.558405949381235,-6.564075515535121
6094663531966753536,208.00343964515858,-48.480699512564044,,-2.5502163019064072,-3.0354611402837364,-4.797254371962733,-5.155191151190576,-6.020668875397222,-6.186555181582246,-6.9603175114810165,10.473371792664011,16.375118674487744,82.96630501304388,115.36563489333936,256.0162607295481,298.27858393783714,608.3128696046608,0.14132772922192363,14.62046,15.072745,14.012678,1.0463367,1.3419772283594829,-8.800356200569441,-7.34880602474524
6094661710900656512,207.86040077134905,-48.45555551591515,,-2.543828426864785,-2.7629363089907315,-4.374036431850728,-4.627140868748988,-5.375483877365742,-5.38034396938393,-6.18870516226817,10.411933142690874,12.7401494798779,56.184248042806864,70.93430982439446,141.31672070319894,141.950716099038,298.86982199097895,0.11148809144250897,15.380687,15.788099,14.797245,0.984028,0.4030320285891175,-0.2019908079277954,-1.6284288514641205
6094665181234310784,208.04951394958658,-48.37871186507357,,-2.5302448509480993,-2.8479638156978995,-4.690228849074456,-4.943400646116016,-5.807016524724934,-5.995216292298421,-6.844207561160478,10.282481584519351,13.777979247508888,75.17813361258831,94.92055272171714,210.28418416981958,250.08435115361038,546.6168617660145,0.1507809789058158,14.79946,15.268905,14.15949,1.0406073,1.7636111946182547,-17.027756549924558,-14.978354726906243
6094663738125186816,208.00005925620954,-48.477787086051386,,-2.5287884359583686,-2.8608384697894174,-4.7102791886477915,-5.058947892224222,-6.091610531476906,-6.3805151427109905,-7.339068157583513,10.268697830630703,13.942330966599972,76.57934994569817,105.57939204594625,273.30288275837285,356.6202967742024,862.2382067689526,0.11324848808384637,14.432268,15.006981,13.709948,1.0040053,0.27250824361315695,-1.0613428085921326,-3.9764913306819576
6094737336687836544,207.80778794138834,-47.95589915629905,,-2.5065253169989576,-2.9387613678727393,-4.6288187081507655,-4.9007300402954215,-5.770712055081814,-5.868608302774692,-6.673040968117,10.06028135579726,14.979749370565454,71.0440127040099,91.26242743235393,203.3690322633071,222.55805698421239,466.8919513077442,0.10122026516515573,14.92392,15.355958,14.322731,1.1948814,0.8333436715588594,6.533811373849478,3.521106439318891
6094662707333127296,207.75152994565352,-48.41052074514582,,-2.506238095799233,-2.659157392687809,-4.358728361557345,-4.568651214776999,-5.405453159545493,-5.493470129920617,-6.340799084360085,10.05762035591232,11.578784126621725,55.397650321968285,67.2141151867335,145.27178197032546,157.53898823570313,343.8108940870058,0.13095563945232383,15.288531,15.741303,14.665142,0.9838185,0.49522918220631146,-6.421247988756893,-2.430458545616947
6094670021657983360,208.07191661067966,-48.29448979845949,,-2.4980677241297036,-2.6898100107816987,-4.396693763357378,-4.645909833650148,-5.414149959477069,-5.436411960096551,-6.224395627890295,9.982218908666816,11.910335749509743,57.36902979962848,72.17120116841222,146.44008887716484,149.47369967930942,308.8575706638568,0.06048466985201002,15.323053,15.722815,14.752989,1.1122767,0.45594203293033514,-2.9447322475108666,-3.174456731113483
6094735824857000064,207.78432757551744,-47.96743193444293,,-2.490949787012052,-2.923980217512117,-4.7762258516098415,-5.129717757556449,-6.065862694740907,-6.406620851529556,-7.266552770559931,9.916990901992374,14.777197813629467,81.37487615931545,112.69044737593642,266.89785157392004,365.298879947158,806.5310808612367,0.15483534942531868,14.41855,14.938864,13.748596,0.94683236,2.2820738781990397,-8.582373556878563,-23.14693571148645
6094743727596686464,208.13779430244415,-48.05075918692956,,-2.472144101835823,-2.890317604244669,-4.708124536412644,-5.061653214366166,-6.035472224381362,-6.290127251682146,-7.179048914661546,9.74670094024341,14.326069103469353,76.42752830496505,105.84279157901432,259.53079062188925,328.1337491621304,744.0798877746575,0.17690267449413175,14.519319,15.037401,13.84587,1.0589662,0.6473908289314692,-14.04721056552669,4.043748525805226
6094734721046452736,207.801440061028,-48.02107455607104,,-2.457920325073946,-2.8427296688833597,-4.615865989264034,-4.989649138252077,-6.124907571039461,-6.427333362332622,-7.40974244017305,9.619846229716794,13.711717833770127,70.20150062691205,99.05118037195355,281.81430119215344,372.33455634723015,920.2312473439192,0.09422598135130819,14.3686695,14.956374,13.636831,1.1174244,0.19375147189614228,-6.134311585472889,-1.8368225957896034
6094667242818675200,208.1470401632566,-48.31816367599491,,-2.4509376663982048,-2.7744878375208133,-4.7525060230995715,-5.198061777756456,-6.371930202572119,-6.810906820890301,-7.8355108674862075,9.558176955071108,12.876420031124658,79.61637671074158,120.01201043951764,353.8116110187491,530.1060104285401,1362.085428786178,0.051205994624350895,14.019579,14.676849,13.237995,1.13456,0.1642618941235176,-9.486640652609443,-4.761435375816459
6094664975075828352,208.01954320665428,-48.4207689912148,,-2.447985290235183,-2.637639249808776,-4.50567922138093,-4.81999318716406,-5.891040598940979,-6.1591244037476045,-7.146813040331984,9.532221293946247,11.351563944731705,63.426637534166524,84.72220979291242,227.20413946055325,290.83707050098366,722.3126422218227,0.05528870592604843,14.641089,15.227642,13.906158,0.9948702,0.24435305505389138,-6.405532339522096,5.2344138195698005
6094668754647186048,208.0042811313686,-48.310237437363064,,-2.4273196487920483,-2.6433904802917945,-4.3523632269385475,-4.599070553261542,-5.416283379430686,-5.485854560615931,-6.287950088899727,9.35250307188413,11.411853614668892,55.07383140732474,69.12389809992241,146.72811957084883,156.43784482790605,327.4764211767068,0.13351760684218544,15.268148,15.678428,14.68809,0.9792951,1.148309925566007,-8.510572237873044,-4.540082978894224
6094663291448748032,207.85246370541853,-48.34883242752968,,-2.4270684783556224,-2.816149322781447,-4.694868019302684,-5.070750328748438,-6.102885340459567,-6.44596265533541,-7.410393631478497,9.350339746597754,13.38011139448499,75.50004452035164,106.73334774380929,276.15577914277173,378.7782752144483,920.7833393948679,0.1319432353351763,14.372941,14.959414,13.644767,0.8903144,0.4118225640403878,-1.4067847783890213,-6.9632994600672
6094734381747865728,207.83781125458717,-48.055738735808,,-2.4134739365783067,-2.650021198849516,-4.344465238214067,-4.578248123971969,-5.388871230802722,-5.444458868074575,-6.251663142734332,9.233993715278478,11.481760392566951,54.67466053787627,67.81085957982958,143.06997205357973,150.5856358928103,316.71253840358946,0.28680782789001447,15.312621,15.721275,14.732441,1.0227234,0.9153532909824751,-19.436561868281625,0.09086872049218214
6094653876880332544,208.1829200073029,-48.41537341801657,,-2.3999081941004317,-2.6284951582267913,-4.31551058281647,-4.553721212125547,-5.322126281503757,-5.353558213203064,-6.127785994962126,9.119337263008328,11.256362308600186,53.23585495531862,66.29617692633917,134.539717860699,138.49155298353094,282.5624177653296,0.17303476863251477,15.401107,15.797399,14.832675,0.9827813,0.9908364293873538,-2.558271915066174,-3.113854544179767
6094658481087725952,207.88215594330592,-48.49839974072693,,-2.3991299377654354,-2.797738259663939,-4.619893330187904,-4.939667077786023,-5.840993011574454,-6.060289133234532,-6.883161421926957,9.112802859033955,13.155134837181789,70.46238387209107,94.59470585986263,216.96875883929573,265.5312581688145,566.5843426354842,0.17089455827060654,14.771787,15.25736,14.12738,1.0330462,1.6984918165284313,-17.872371515788863,-6.669445344258785
6094723008674420096,207.93558498296198,-48.082866054860055,,-2.3987852040672926,-2.6746566660289526,-4.375806481494588,-4.637038000037227,-5.557744972437494,-5.730504887725068,-6.635176463458848,9.109909898902881,11.745260849002689,56.27591857608712,71.58387433478035,167.14677016045883,195.97557848913198,450.8899812175012,0.16278633234832507,15.039812,15.534445,14.3765955,0.9429911,0.4267792728257539,-14.05195705773131,9.622338868144691
6094731701689063296,207.5639214761995,-48.091210728674426,,-2.394616185233744,-2.685379142240223,-4.298108668821691,-4.597358400357145,-5.38135783751671,-5.398697903013275,-6.180600384461087,9.074996664699263,11.861828943687753,52.38940517458825,69.01497899527303,142.0833325893058,144.37073290784622,296.6471319128756,0.15412436185818765,15.370341,15.772605,14.79981,1.068562,0.6426122175098057,-5.505379125298119,-9.853629907045505
6094691878751336704,208.324100821513,-48.15071407179201,,-2.3929695242766726,-2.6172892664403316,-4.276631755471616,-4.530750882890439,-5.311037034951781,-5.331123777828638,-6.1386875043936096,9.06124367708422,11.140782780540889,51.36327440544277,64.90831769479863,133.17258012631405,135.65928105488547,285.4138223204881,0.07803666960034424,15.438383,15.837801,14.855653,1.0963088,1.1276857568866723,-10.258640815634369,-10.254008712212851
6094662329375971328,207.75816494663005,-48.43855000079129,,-2.3908981314158955,-2.6129751757336606,-4.28729554696999,-4.53714237835172,-5.402471689154568,-5.539121743202134,-6.421371991185966,9.043972905035071,11.096603552161001,51.87023538253948,65.29154588147904,144.87340769457268,164.3042121518658,370.2958087721165,0.22479241494298155,15.246474,15.71961,14.5998535,0.9685131,0.4750716019304495,-12.61547361973094,-15.545897358974088
6094668514128995072,208.03153759629856,-48.32438578579842,,-2.3884266404772574,-2.662900153494436,-4.322976825284137,-4.561753340032958,-5.318082117097011,-5.316597019928797,-6.07743305678582,9.023409276471682,11.61876750411924,53.60320162503255,66.78844559656716,134.03951472101573,133.85629744951953,269.7573103109608,0.05992467340142164,15.432668,15.8200245,14.8788395,1.04485,0.5349691305960279,-8.095725795058287,-4.705947697991414
6094665932848856704,208.13483272727225,-48.37072142443292,,-2.3807250168697007,-2.6941030647358817,-4.320045139173213,-4.595539105735777,-5.4566477207709285,-5.586540213168691,-6.523842633233386,8.95962858665014,11.957523027391243,53.458658421982264,68.89943210344303,152.2856875072414,171.63904334623385,406.94625231534394,0.07650368356735564,15.24385,15.636937,14.469441,1.0276787,0.5653970464215674,-8.941782459425525,-0.8907224672324965
6094690092044735232,208.24975038873984,-48.280526469235056,,-2.370280077298938,-2.9257363210095217,-4.76479094219177,-5.236873284133501,-6.307482417218622,-6.6715758580940605,-7.591451638969913,8.87384892966217,14.80111825247066,80.52233810268214,124.37964520681534,333.42101318622366,466.2623446415519,1087.8791558223509,0.10700144726205806,14.164121,14.741832,13.446085,0.9770972,0.46016680028749063,-0.7162179995583821,0.27989822081412613
6094671881383579392,208.09216522099373,-48.18292879341612,,-2.3676337189236403,-2.659397177034859,-4.408065591577374,-4.724582495772634,-5.614969180887614,-5.732788336051345,-6.548156973537251,8.852246270993133,11.581341578225913,57.973061632530026,77.5948679358341,176.19260326358477,196.38817503980374,416.1623520765523,0.04158590217277493,15.0555,15.508047,14.438076,1.0396184,0.5153191450272413,-6.894935064369391,-3.719332250270596
6094668720287454464,208.02120243768692,-48.304484967042335,,-2.3637694229464232,-2.892625832180771,-4.695592059315132,-5.048185649554751,-5.987792526356824,-6.271153996254183,-7.108335484924579,8.820795816889602,14.356558100781788,75.55040968649968,104.53801752722612,248.380221786615,322.44941881715346,697.1627815217546,0.15703322178225548,14.538984,15.038203,13.88587,1.0375065,1.82885683749673,-28.091976670272864,-6.323386436373924
6094728540593265280,207.5459481811549,-48.13910685695472,,-2.358337618178227,-2.5573033575552895,-4.24585689949906,-4.485239640799528,-5.269368596499293,-5.257499715603951,-6.049542734615479,8.776776662735417,10.541959490494222,49.92783792784588,62.24376527876182,128.15850676476796,126.76515338111363,262.916046939976,0.15238404499857744,15.498811,15.902135,14.935712,1.0294307,0.7438453514860076,-7.28183130419333,-4.310404571528857
6094677894337527680,208.27699130012934,-48.347520786592675,,-2.352895198332226,-2.7190920538121137,-4.430452360349998,-4.7230481480924595,-5.601361170335542,-5.708326273042803,-6.502704120077024,8.732891800470252,12.235925428486594,59.18081533396903,77.48528936649333,173.99808484501665,192.01294524420538,399.0999267098572,0.07379474374857224,15.09138,15.53234,14.483585,1.0448291,0.5249741978859588,-9.19341904406674,-4.874704484524688
6094663085290267648,207.8139693713549,-48.39311397301041,,-2.344017605560538,-2.642553331136088,-4.3220422470498345,-4.612809692032961,-5.403651758952183,-5.4337930557456495,-6.205029637294235,8.661777872088587,11.403057977686755,53.557081001486175,70.00416452383979,145.03095395037423,149.11358864775482,303.39740013210655,0.14072587290714872,15.349626,15.752178,14.779569,1.0116235,0.8115227253043578,-13.586807207214498,-4.52403518059417
6094663016570811776,207.85299205795522,-48.37422234441873,,-2.3402006320769226,-2.6761192625687222,-4.494269635657638,-4.845883825697198,-5.946573885047436,-6.265520464392035,-7.263480124605946,8.631380314204536,11.761093565679046,62.76360120430914,86.7667899136086,239.1275168227005,320.78066675926425,804.251815316013,0.07066549993298421,14.547368,15.147343,13.803602,1.0210232,0.1741204022449803,-6.495983362311632,1.5584347049530822
6094662810412329856,207.83120269918004,-48.415787615645264,,-2.3391520918285504,-2.8025304467756964,-4.707429140114093,-5.168823262247669,-6.303013271164391,-6.723224564052686,-7.733606589939147,8.623048657880238,13.213326871610409,76.37859339456624,116.82325560577401,332.0513945013539,488.97856942885136,1240.0598203209233,0.06808897581443767,14.1122,14.750544,13.344784,0.93275595,0.3237119542808903,-9.580562224741675,-0.7503232699651681
6094668479769242880,208.0089816049245,-48.33966294786245,,-2.337788516550753,-2.600871632759209,-4.289841296944175,-4.503573862819556,-5.3235927219549275,-5.361937199008758,-6.144549458620588,8.612225775244928,10.973588060410531,51.991999379710116,63.30376567330126,134.72155556746992,139.56447286982785,286.95895587203665,0.026906440969029975,15.393283,15.800208,14.811437,0.97459036,0.8081796453497296,-9.116187682086323,-0.45114652005373923
6094652296332345984,208.1140264875336,-48.439107147608276,,-2.328934540823591,-2.704133226340337,-4.335753363010985,-4.533046257765311,-5.309517747005037,-5.324475752260317,-6.099195458472418,8.542280268339233,12.068499882355589,54.23771006781393,65.04568671878945,132.98635993682365,134.831169307346,275.21885479464964,0.15081689900348888,15.442933,15.837927,14.874526,1.0781468,0.7878909999394303,-5.0905263221425665,0.6954155304782219
6094724245625091840,207.93785745059924,-48.01914794132087,,-2.3287681291666598,-2.5785365974567442,-4.2770219533182,-4.518101207465702,-5.30815148564928,-5.339257310126081,-6.144782143263068,8.540971086539034,10.750152842906571,51.38173693877571,64.15647335141453,132.8191187118777,136.679356065848,287.0204607727004,0.09529698363418689,15.410521,15.818189,14.833638,1.0200697,0.930222520383046,-14.458177638864463,-9.312882529709245
6094744101251586304,208.11607056457547,-48.00641609431837,,-2.3190128194367245,-2.618769322125227,-4.29684517802553,-4.566186792391242,-5.4159473098934985,-5.502898564581055,-6.315040436605069,8.464574422781592,11.155980047300158,52.328474139408954,67.06172446715279,146.6827096267229,158.91299977246618,335.75011851615506,0.20286223363756367,15.5951,15.696407,14.668266,1.3303776,0.6027045634999917,-0.15046600834070956,-0.3440925999645289
6094668720287442560,208.0196081781827,-48.31410623561366,,-2.3064383132675346,-2.701901697339893,-4.502080831180733,-4.77636551329186,-5.730444144855825,-5.986103738493673,-6.861092399375778,8.367107047267835,12.04372079673002,63.21677440474892,81.38534434027399,195.9646146971007,247.994183769737,555.1840232341373,0.056300492326578626,14.809227,15.314951,14.145859,1.032965,0.5571238940569136,-8.397206388599614,-2.5302228430542177
6094723244893636736,207.99533186847503,-48.08867282485329,,-2.298197418878173,-2.556862590490347,-4.260818292921556,-4.555109012898552,-5.384269036604269,-5.623823769804986,-6.514733515554735,8.303839905098233,10.537680729695065,50.620603342263294,66.38097165985337,142.46481374653948,177.6353957672104,403.54633389711745,0.0667520118441183,15.157431,15.639552,14.5047245,1.0650314,1.1572539846108676,-5.135987314055585,-17.190364291739883
6094724211265336064,207.91358752872043,-48.0328723738995,,-2.2829857073085216,-2.5235606961567885,-4.183859944188175,-4.437878962726255,-5.217345161448023,-5.267548758256187,-6.058850124164506,8.188310126928023,10.219373648874093,47.1567620959319,59.58700882841109,122.1625429812924,127.94387599205604,265.179562439559,0.05138296549244045,15.510841,15.913548,14.932327,1.0432813,0.8275434349588339,-6.297163632803201,-7.1160032587385125
6094691397714913536,208.31594810941047,-48.2065602965986,,-2.2798305680450186,-2.6243561708995253,-4.519950310123197,-4.875882108235368,-5.9817445375334675,-6.304927718515567,-7.283030076417424,8.164549515008058,11.213533074758917,64.26583047004041,89.1975330708964,247.00049011302056,332.63740765139926,818.8644752821151,0.08376683600177504,14.512476,15.109007,13.775432,0.98180914,0.14631884680165816,-10.680294089619512,-4.133928073309011
6094732109706183424,207.60001067240037,-48.06696261776671,,-2.267226589736971,-2.5486140759158267,-4.271970222355526,-4.532421373262403,-5.375735207262817,-5.46362349766003,-6.288859410291162,8.07031777788288,10.457927587317357,51.143222474914175,65.00826110198868,141.34943696322804,153.26726197342964,327.7508027868817,0.21479142264228654,15.310904,15.754357,14.703797,0.93807846,1.2980610385420777,-8.771837368786542,-1.3660043072223862
6094723902027658240,207.89988669973414,-48.0567463774314,,-2.2604175740191805,-2.714262246827064,-4.535430692816861,-4.927544134221,-6.039019946096672,-6.438797997871779,-7.455732123089663,8.019864479769739,12.1816158198135,65.18869350761948,93.54436983376316,260.38021330367246,376.2869866723733,960.0477833952611,0.08666250980996013,14.375811,14.998827,13.616908,1.077284,0.3269518811732069,-5.408111464884236,2.2209496022808666
6094726582088151936,207.50361353471087,-48.20828028610226,,-2.2584180142245414,-2.670996720226349,-4.485268547215963,-4.826940444844144,-5.839554983286796,-6.1066659860639385,-7.004644852036584,8.005108187284463,11.70573499909073,62.24542246597112,85.26605656458702,216.68157979892646,277.1190582336041,633.6624042502162,0.08388337047415534,14.707046,15.243079,14.016698,0.98082465,0.5131475752754073,-0.5807091823688777,-0.810993923080499
6094737267966024320,207.80886345220708,-47.95716043512556,,-2.254408237806186,-2.56155062619552,-4.264250951909704,-4.507128895065709,-5.348460191955933,-5.486705779206042,-6.336346484762635,7.975598722369537,10.583279126277592,50.78089848817715,63.51138126717902,137.84279696300783,156.56054039122907,342.4038142464028,0.23112882624186545,15.301725,15.742826,14.676858,1.145083,1.2505058484684741,-27.08814083666331,5.619069862766984
6094732491962320256,207.64211979917465,-48.01805148312127,,-2.237601450684478,-2.5217549769691576,-4.201602836459399,-4.475918665435569,-5.28560730904884,-5.338863642835367,-6.128706009195133,7.853090100894902,10.20239163944818,47.93371999134683,61.71169373202941,130.08970343169653,136.6298077149767,282.80195257781355,0.15662099655364561,15.432271,15.844206,14.851411,1.0011733,0.583381720000451,-7.6979426974814045,-1.8690687447317487
6094728678032223104,207.56610551645764,-48.12713233000071,,-2.227693906362522,-2.63661008246248,-4.283014296492877,-4.555156100846936,-5.4210422452600024,-5.493634717162548,-6.276823698726432,7.781755163884692,11.340808916342871,51.66610456856972,66.38385063868418,147.3726517621303,157.5628714523107,324.13765024819975,0.14853008065109402,15.296157,15.722685,14.703654,1.1020833,0.8626235966125273,-8.755801185305788,-2.8614524078297547
6094663875564140544,208.05468979915418,-48.47428283589785,,-2.222951729587723,-2.633409521664351,-4.399604353762881,-4.717483717182615,-5.586915581841279,-5.725515131179117,-6.527793310804614,7.747840861223076,11.307427416975527,57.52302831247171,77.08919078894152,171.69839391234032,195.07699295551316,408.4297084033932,0.18985651667384706,15.084541,15.538378,14.45852,1.1743959,1.2455833844069386,5.0919167038551825,-0.4314504352584715
6094732075346465664,207.61895859587636,-48.06172531775916,,-2.189051348275422,-2.7031004777049903,-4.568432184027628,-5.06989182229351,-6.30984890210066,-6.722029860548391,-7.723769563621935,7.509664574534692,12.057025823665212,67.20055712991683,106.64898558466658,334.1485345722324,488.4408116213995,1228.8753291907208,0.16423046740365432,14.113437,14.756145,13.348614,0.9807813,0.22322874544503601,-4.6395049288969235,-0.7477012039355432
6094721806083507968,207.78701810534514,-48.140322245909374,,-2.1801038814890408,-2.71023266790411,-4.602610852532653,-5.019277251950949,-6.11938025169251,-6.4970135226973404,-7.452835748061704,7.448032320690579,12.136489015631742,69.34966076815334,101.79135622991372,280.3832727331565,397.0136228322781,957.4901153507124,0.06575614967035462,14.325452,14.917371,13.593908,1.0989606,0.44639491140062565,-13.209016179070337,0.672287850769886
6094664975075822336,208.01807469266802,-48.42694846482998,,-2.1732377022134313,-2.5424317107108143,-4.375284088981843,-4.743088492074663,-5.758726709304342,-6.076650508572006,-7.030948102160886,7.401079697685983,10.39854760277185,56.24884842111481,78.92878124502658,201.13640509150144,269.56295182512963,649.2010907995702,0.0930286059192478,14.73828,15.309751,14.017973,0.9376016,0.2934548284647801,-4.91338679170009,-0.02037672557509556
6094671365987416192,208.0004176644767,-48.24223589289328,,-2.1726651962125243,-2.511490323292694,-4.270655122208163,-4.513290292828077,-5.334004471306439,-5.466968126404774,-6.251329305096566,7.397178155492547,10.10639176643379,51.08131264627599,63.87282387486526,136.0196924441689,153.7401323351908,316.6151719235204,0.11521237291007909,15.312037,15.736509,14.712704,1.0422202,1.088879554736706,-18.76630023703298,-4.3269578154633255
6094742593725245440,208.13485834536618,-48.10132980443748,,-2.1713634552223953,-2.4354827975157094,-4.295664087332935,-4.55218768986534,-5.502692054334525,-5.708590140346772,-6.601807456973997,7.388314639824102,9.423085224792485,52.271580881771364,66.20260456677333,158.8827769228892,192.05961596878518,437.2431181761401,0.10972827538001043,15.082781,15.58593,14.415721,1.003216,0.4542796608883277,-15.112049417307919,-5.542383537689101
6094731804768277376,207.52859446308096,-48.08576717355355,,-2.1604494117052147,-2.4561685548714483,-4.185427943699959,-4.451630585000051,-5.295014845903091,-5.386003803710137,-6.177896839311875,7.314417817578218,9.60433769959611,47.224914192164434,60.34652045639435,131.22178416148705,142.69262305876302,295.9093825150741,0.11179812128860799,15.401947,15.835838,14.808306,0.97138584,1.0201549139366646,-1.5146806761335574,-3.4842332820769766
6094669132604293248,207.88678486943485,-48.32741718748258,,-2.160075467989243,-2.4207985924541164,-4.20873351384217,-4.534556562204269,-5.5061105294270805,-5.796651622645154,-6.7475981193781385,7.311899056941428,9.296499215490211,48.24956536393003,65.13623094839107,159.38381276662764,208.2862730586528,500.0797257833807,0.1251440680416333,15.020955,15.583946,14.303496,0.989302,0.3059989635445169,-5.236256447439039,-3.8806291436188003
6094669579280941824,207.98706516361534,-48.2873069940238,,-2.1494465845174084,-2.6636913936598794,-4.5390569746138905,-5.06808533885733,-6.271077805455542,-6.695129094945322,-7.682394411675913,7.2406679865604255,11.627237873001597,65.40678311231954,106.47168705003287,322.4267919427405,476.48763821719984,1182.9265100070556,0.053174125798415614,14.139664,14.776437,13.3750515,1.0433731,0.20708851144127857,-4.3433897301715305,-2.540595161244746
6094743693236932736,208.0998881670223,-48.06265946477666,,-2.132939251686108,-2.822580766172331,-4.642542627595955,-5.208930421363553,-6.307466107828331,-6.75534031051685,-7.69093239192568,7.131414843954276,13.459604741697671,71.9477225180372,121.21941074456637,333.4160047388967,503.65844953014886,1192.2654439949456,0.09054427701738617,14.090795,14.690588,13.358696,0.9919474,0.6176403388418551,5.303467613346705,0.3704604321364656
